YEAR,MO,DY,HR,WS10M
2023,1,30,0,1.18
2023,1,30,1,1.12
2023,1,30,2,1.0
2023,1,30,3,1.06
2023,1,30,4,1.15
2023,1,30,5,1.12
2023,1,30,6,1.12
2023,1,30,7,1.15
2023,1,30,8,1.18
2023,1,30,9,1.18
2023,1,30,10,1.1
2023,1,30,11,1.01
2023,1,30,12,1.54
2023,1,30,13,2.33
2023,1,30,14,2.49
2023,1,30,15,2.5
2023,1,30,16,2.41
2023,1,30,17,2.3
2023,1,30,18,2.25
2023,1,30,19,2.2
2023,1,30,20,2.11
2023,1,30,21,1.92
2023,1,30,22,1.42
2023,1,30,23,1.17
2023,1,31,0,1.15
2023,1,31,1,1.15
2023,1,31,2,1.13
2023,1,31,3,1.14
2023,1,31,4,1.21
2023,1,31,5,1.27
2023,1,31,6,1.32
2023,1,31,7,1.35
2023,1,31,8,1.34
2023,1,31,9,1.34
2023,1,31,10,1.32
2023,1,31,11,1.27
2023,1,31,12,1.79
2023,1,31,13,2.3
2023,1,31,14,2.43
2023,1,31,15,2.45
2023,1,31,16,2.47
2023,1,31,17,2.71
2023,1,31,18,2.99
2023,1,31,19,3.11
2023,1,31,20,3.05
2023,1,31,21,2.81
2023,1,31,22,2.11
2023,1,31,23,1.67
2023,2,1,0,1.4
2023,2,1,1,1.17
2023,2,1,2,1.08
2023,2,1,3,1.19
2023,2,1,4,1.25
2023,2,1,5,1.34
2023,2,1,6,1.41
2023,2,1,7,1.41
2023,2,1,8,1.39
2023,2,1,9,1.41
2023,2,1,10,1.46
2023,2,1,11,1.4
2023,2,1,12,2.36
2023,2,1,13,3.18
2023,2,1,14,3.34
2023,2,1,15,3.48
2023,2,1,16,3.72
2023,2,1,17,3.8
2023,2,1,18,3.67
2023,2,1,19,3.46
2023,2,1,20,3.19
2023,2,1,21,2.81
2023,2,1,22,1.95
2023,2,1,23,1.48
2023,2,2,0,1.21
2023,2,2,1,1.14
2023,2,2,2,1.18
2023,2,2,3,1.14
2023,2,2,4,1.07
2023,2,2,5,1.11
2023,2,2,6,1.11
2023,2,2,7,1.09
2023,2,2,8,1.11
2023,2,2,9,1.26
2023,2,2,10,1.36
2023,2,2,11,1.6
2023,2,2,12,2.78
2023,2,2,13,3.62
2023,2,2,14,3.77
2023,2,2,15,3.67
2023,2,2,16,3.83
2023,2,2,17,4.11
2023,2,2,18,4.18
2023,2,2,19,4.01
2023,2,2,20,3.76
2023,2,2,21,3.3
2023,2,2,22,2.28
2023,2,2,23,1.75
2023,2,3,0,1.37
2023,2,3,1,1.16
2023,2,3,2,1.03
2023,2,3,3,1.06
2023,2,3,4,1.09
2023,2,3,5,1.1
2023,2,3,6,1.19
2023,2,3,7,1.3
2023,2,3,8,1.42
2023,2,3,9,1.43
2023,2,3,10,1.45
2023,2,3,11,1.47
2023,2,3,12,2.27
2023,2,3,13,3.11
2023,2,3,14,3.42
2023,2,3,15,3.48
2023,2,3,16,3.58
2023,2,3,17,3.63
2023,2,3,18,3.52
2023,2,3,19,3.37
2023,2,3,20,3.2
2023,2,3,21,2.86
2023,2,3,22,2.06
2023,2,3,23,1.61
2023,2,4,0,1.3
2023,2,4,1,1.15
2023,2,4,2,1.03
2023,2,4,3,0.88
2023,2,4,4,0.78
2023,2,4,5,0.8
2023,2,4,6,0.79
2023,2,4,7,0.85
2023,2,4,8,1.02
2023,2,4,9,1.09
2023,2,4,10,1.13
2023,2,4,11,1.25
2023,2,4,12,2.44
2023,2,4,13,3.37
2023,2,4,14,3.81
2023,2,4,15,4.06
2023,2,4,16,4.08
2023,2,4,17,3.99
2023,2,4,18,3.94
2023,2,4,19,3.81
2023,2,4,20,3.55
2023,2,4,21,3.12
2023,2,4,22,2.05
2023,2,4,23,1.54
2023,2,5,0,1.41
2023,2,5,1,1.15
2023,2,5,2,0.96
2023,2,5,3,1.01
2023,2,5,4,1.18
2023,2,5,5,1.43
2023,2,5,6,1.73
2023,2,5,7,1.86
2023,2,5,8,2.11
2023,2,5,9,2.13
2023,2,5,10,2.19
2023,2,5,11,2.46
2023,2,5,12,3.43
2023,2,5,13,4.22
2023,2,5,14,4.57
2023,2,5,15,4.7
2023,2,5,16,4.7
2023,2,5,17,4.6
2023,2,5,18,4.36
2023,2,5,19,4.07
2023,2,5,20,3.77
2023,2,5,21,3.43
2023,2,5,22,2.43
2023,2,5,23,1.58
2023,2,6,0,1.7
2023,2,6,1,1.84
2023,2,6,2,1.8
2023,2,6,3,2.1
2023,2,6,4,2.23
2023,2,6,5,2.2
2023,2,6,6,1.99
2023,2,6,7,1.72
2023,2,6,8,1.81
2023,2,6,9,2.13
2023,2,6,10,2.52
2023,2,6,11,2.91
2023,2,6,12,3.9
2023,2,6,13,4.87
2023,2,6,14,5.19
2023,2,6,15,5.13
2023,2,6,16,5.17
2023,2,6,17,5.12
2023,2,6,18,4.96
2023,2,6,19,4.69
2023,2,6,20,4.38
2023,2,6,21,3.88
2023,2,6,22,2.61
2023,2,6,23,1.62
2023,2,7,0,1.32
2023,2,7,1,0.98
2023,2,7,2,1.01
2023,2,7,3,1.39
2023,2,7,4,1.44
2023,2,7,5,1.43
2023,2,7,6,1.59
2023,2,7,7,1.95
2023,2,7,8,2.08
2023,2,7,9,2.14
2023,2,7,10,2.11
2023,2,7,11,1.91
2023,2,7,12,2.9
2023,2,7,13,4.03
2023,2,7,14,4.57
2023,2,7,15,4.85
2023,2,7,16,4.82
2023,2,7,17,4.58
2023,2,7,18,4.42
2023,2,7,19,4.27
2023,2,7,20,3.95
2023,2,7,21,3.42
2023,2,7,22,2.37
2023,2,7,23,1.75
2023,2,8,0,1.57
2023,2,8,1,1.39
2023,2,8,2,1.23
2023,2,8,3,1.21
2023,2,8,4,1.29
2023,2,8,5,1.61
2023,2,8,6,1.61
2023,2,8,7,1.55
2023,2,8,8,1.46
2023,2,8,9,1.58
2023,2,8,10,1.64
2023,2,8,11,2.14
2023,2,8,12,3.54
2023,2,8,13,4.54
2023,2,8,14,4.93
2023,2,8,15,4.76
2023,2,8,16,4.47
2023,2,8,17,4.19
2023,2,8,18,4.07
2023,2,8,19,3.97
2023,2,8,20,3.71
2023,2,8,21,3.19
2023,2,8,22,2.11
2023,2,8,23,1.53
2023,2,9,0,1.34
2023,2,9,1,1.34
2023,2,9,2,1.36
2023,2,9,3,1.18
2023,2,9,4,1.16
2023,2,9,5,1.2
2023,2,9,6,1.19
2023,2,9,7,1.23
2023,2,9,8,1.21
2023,2,9,9,1.08
2023,2,9,10,1.04
2023,2,9,11,1.1
2023,2,9,12,2.28
2023,2,9,13,3.3
2023,2,9,14,3.75
2023,2,9,15,3.96
2023,2,9,16,4.02
2023,2,9,17,4.12
2023,2,9,18,4.19
2023,2,9,19,4.14
2023,2,9,20,3.89
2023,2,9,21,3.41
2023,2,9,22,2.46
2023,2,9,23,1.53
2023,2,10,0,1.4
2023,2,10,1,1.42
2023,2,10,2,1.42
2023,2,10,3,1.38
2023,2,10,4,1.4
2023,2,10,5,1.54
2023,2,10,6,1.74
2023,2,10,7,1.75
2023,2,10,8,1.89
2023,2,10,9,1.8
2023,2,10,10,1.74
2023,2,10,11,1.81
2023,2,10,12,2.96
2023,2,10,13,3.93
2023,2,10,14,4.06
2023,2,10,15,4.18
2023,2,10,16,4.35
2023,2,10,17,4.47
2023,2,10,18,4.44
2023,2,10,19,4.3
2023,2,10,20,4.04
2023,2,10,21,3.55
2023,2,10,22,2.54
2023,2,10,23,1.77
2023,2,11,0,1.68
2023,2,11,1,1.61
2023,2,11,2,1.46
2023,2,11,3,1.34
2023,2,11,4,1.36
2023,2,11,5,1.41
2023,2,11,6,1.41
2023,2,11,7,1.51
2023,2,11,8,1.55
2023,2,11,9,1.59
2023,2,11,10,1.74
2023,2,11,11,2.15
2023,2,11,12,3.38
2023,2,11,13,3.9
2023,2,11,14,4.15
2023,2,11,15,4.32
2023,2,11,16,4.52
2023,2,11,17,4.67
2023,2,11,18,4.65
2023,2,11,19,4.4
2023,2,11,20,3.96
2023,2,11,21,3.41
2023,2,11,22,2.47
2023,2,11,23,1.59
2023,2,12,0,1.53
2023,2,12,1,1.33
2023,2,12,2,1.07
2023,2,12,3,0.98
2023,2,12,4,0.98
2023,2,12,5,1.08
2023,2,12,6,1.16
2023,2,12,7,1.11
2023,2,12,8,1.23
2023,2,12,9,1.39
2023,2,12,10,1.51
2023,2,12,11,1.9
2023,2,12,12,3.37
2023,2,12,13,4.35
2023,2,12,14,4.3
2023,2,12,15,4.31
2023,2,12,16,4.34
2023,2,12,17,4.32
2023,2,12,18,4.29
2023,2,12,19,4.19
2023,2,12,20,3.95
2023,2,12,21,3.51
2023,2,12,22,2.5
2023,2,12,23,1.71
2023,2,13,0,1.66
2023,2,13,1,1.49
2023,2,13,2,1.15
2023,2,13,3,0.99
2023,2,13,4,0.88
2023,2,13,5,0.83
2023,2,13,6,1.04
2023,2,13,7,1.22
2023,2,13,8,1.23
2023,2,13,9,1.27
2023,2,13,10,1.27
2023,2,13,11,1.47
2023,2,13,12,2.61
2023,2,13,13,3.34
2023,2,13,14,3.48
2023,2,13,15,3.73
2023,2,13,16,4.18
2023,2,13,17,4.49
2023,2,13,18,4.56
2023,2,13,19,4.35
2023,2,13,20,4.16
2023,2,13,21,3.85
2023,2,13,22,2.77
2023,2,13,23,1.75
2023,2,14,0,1.61
2023,2,14,1,1.6
2023,2,14,2,1.44
2023,2,14,3,1.24
2023,2,14,4,1.23
2023,2,14,5,1.3
2023,2,14,6,1.33
2023,2,14,7,1.41
2023,2,14,8,1.55
2023,2,14,9,1.62
2023,2,14,10,1.4
2023,2,14,11,1.64
2023,2,14,12,2.61
2023,2,14,13,3.18
2023,2,14,14,3.42
2023,2,14,15,3.83
2023,2,14,16,4.29
2023,2,14,17,4.47
2023,2,14,18,4.44
2023,2,14,19,4.29
2023,2,14,20,4.02
2023,2,14,21,3.49
2023,2,14,22,2.61
2023,2,14,23,1.96
2023,2,15,0,1.95
2023,2,15,1,1.89
2023,2,15,2,1.99
2023,2,15,3,1.91
2023,2,15,4,1.79
2023,2,15,5,1.55
2023,2,15,6,1.42
2023,2,15,7,1.43
2023,2,15,8,1.39
2023,2,15,9,1.34
2023,2,15,10,1.41
2023,2,15,11,1.83
2023,2,15,12,2.81
2023,2,15,13,3.49
2023,2,15,14,4.02
2023,2,15,15,4.21
2023,2,15,16,4.31
2023,2,15,17,4.51
2023,2,15,18,4.69
2023,2,15,19,4.69
2023,2,15,20,4.5
2023,2,15,21,3.89
2023,2,15,22,2.7
2023,2,15,23,2.1
2023,2,16,0,1.94
2023,2,16,1,1.89
2023,2,16,2,1.95
2023,2,16,3,2.02
2023,2,16,4,2.16
2023,2,16,5,2.26
2023,2,16,6,2.3
2023,2,16,7,2.33
2023,2,16,8,2.37
2023,2,16,9,2.1
2023,2,16,10,1.94
2023,2,16,11,2.24
2023,2,16,12,3.49
2023,2,16,13,4.42
2023,2,16,14,4.72
2023,2,16,15,4.77
2023,2,16,16,4.77
2023,2,16,17,4.87
2023,2,16,18,4.64
2023,2,16,19,3.92
2023,2,16,20,3.37
2023,2,16,21,2.95
2023,2,16,22,2.25
2023,2,16,23,1.98
2023,2,17,0,1.85
2023,2,17,1,1.47
2023,2,17,2,0.99
2023,2,17,3,0.88
2023,2,17,4,0.73
2023,2,17,5,0.67
2023,2,17,6,0.63
2023,2,17,7,0.64
2023,2,17,8,0.88
2023,2,17,9,1.09
2023,2,17,10,1.23
2023,2,17,11,1.38
2023,2,17,12,2.33
2023,2,17,13,2.79
2023,2,17,14,2.73
2023,2,17,15,2.46
2023,2,17,16,2.23
2023,2,17,17,2.09
2023,2,17,18,2.08
2023,2,17,19,2.12
2023,2,17,20,2.12
2023,2,17,21,2.02
2023,2,17,22,1.82
2023,2,17,23,1.56
2023,2,18,0,1.9
2023,2,18,1,1.58
2023,2,18,2,0.97
2023,2,18,3,1.12
2023,2,18,4,1.32
2023,2,18,5,1.19
2023,2,18,6,0.96
2023,2,18,7,0.97
2023,2,18,8,1.14
2023,2,18,9,1.28
2023,2,18,10,1.35
2023,2,18,11,1.55
2023,2,18,12,2.15
2023,2,18,13,2.51
2023,2,18,14,2.62
2023,2,18,15,2.75
2023,2,18,16,2.85
2023,2,18,17,2.81
2023,2,18,18,2.8
2023,2,18,19,2.79
2023,2,18,20,2.79
2023,2,18,21,2.62
2023,2,18,22,1.96
2023,2,18,23,1.39
2023,2,19,0,1.23
2023,2,19,1,1.21
2023,2,19,2,1.17
2023,2,19,3,1.19
2023,2,19,4,1.2
2023,2,19,5,1.14
2023,2,19,6,1.04
2023,2,19,7,1.04
2023,2,19,8,1.2
2023,2,19,9,1.47
2023,2,19,10,1.52
2023,2,19,11,1.53
2023,2,19,12,2.21
2023,2,19,13,2.76
2023,2,19,14,2.97
2023,2,19,15,3.13
2023,2,19,16,3.41
2023,2,19,17,3.63
2023,2,19,18,3.67
2023,2,19,19,3.53
2023,2,19,20,3.31
2023,2,19,21,3.02
2023,2,19,22,2.3
2023,2,19,23,1.8
2023,2,20,0,1.34
2023,2,20,1,1.13
2023,2,20,2,1.15
2023,2,20,3,1.12
2023,2,20,4,1.17
2023,2,20,5,1.13
2023,2,20,6,0.9
2023,2,20,7,0.85
2023,2,20,8,0.92
2023,2,20,9,0.94
2023,2,20,10,0.88
2023,2,20,11,0.86
2023,2,20,12,1.88
2023,2,20,13,2.65
2023,2,20,14,3.0
2023,2,20,15,3.04
2023,2,20,16,3.02
2023,2,20,17,3.03
2023,2,20,18,2.94
2023,2,20,19,2.79
2023,2,20,20,2.67
2023,2,20,21,2.5
2023,2,20,22,2.1
2023,2,20,23,1.63
2023,2,21,0,1.45
2023,2,21,1,1.3
2023,2,21,2,1.14
2023,2,21,3,0.94
2023,2,21,4,0.81
2023,2,21,5,0.81
2023,2,21,6,0.77
2023,2,21,7,0.74
2023,2,21,8,0.9
2023,2,21,9,1.14
2023,2,21,10,1.25
2023,2,21,11,1.33
2023,2,21,12,2.14
2023,2,21,13,2.72
2023,2,21,14,2.73
2023,2,21,15,2.63
2023,2,21,16,2.6
2023,2,21,17,2.52
2023,2,21,18,2.41
2023,2,21,19,2.3
2023,2,21,20,2.28
2023,2,21,21,2.22
2023,2,21,22,1.81
2023,2,21,23,1.44
2023,2,22,0,1.53
2023,2,22,1,1.57
2023,2,22,2,1.6
2023,2,22,3,1.47
2023,2,22,4,1.18
2023,2,22,5,1.07
2023,2,22,6,1.19
2023,2,22,7,1.35
2023,2,22,8,1.39
2023,2,22,9,1.38
2023,2,22,10,1.53
2023,2,22,11,1.66
2023,2,22,12,2.43
2023,2,22,13,3.05
2023,2,22,14,3.19
2023,2,22,15,3.09
2023,2,22,16,3.09
2023,2,22,17,3.13
2023,2,22,18,3.03
2023,2,22,19,2.84
2023,2,22,20,2.63
2023,2,22,21,2.33
2023,2,22,22,1.71
2023,2,22,23,1.29
2023,2,23,0,1.09
2023,2,23,1,1.08
2023,2,23,2,1.12
2023,2,23,3,1.1
2023,2,23,4,1.07
2023,2,23,5,1.05
2023,2,23,6,1.06
2023,2,23,7,1.2
2023,2,23,8,1.24
2023,2,23,9,1.26
2023,2,23,10,1.25
2023,2,23,11,1.41
2023,2,23,12,2.41
2023,2,23,13,3.34
2023,2,23,14,3.61
2023,2,23,15,3.73
2023,2,23,16,3.86
2023,2,23,17,3.94
2023,2,23,18,3.95
2023,2,23,19,3.84
2023,2,23,20,3.63
2023,2,23,21,3.25
2023,2,23,22,2.37
2023,2,23,23,1.62
2023,2,24,0,1.2
2023,2,24,1,1.03
2023,2,24,2,1.03
2023,2,24,3,1.08
2023,2,24,4,1.13
2023,2,24,5,1.29
2023,2,24,6,1.33
2023,2,24,7,1.32
2023,2,24,8,1.25
2023,2,24,9,1.26
2023,2,24,10,1.32
2023,2,24,11,1.7
2023,2,24,12,2.88
2023,2,24,13,3.9
2023,2,24,14,4.25
2023,2,24,15,4.24
2023,2,24,16,4.08
2023,2,24,17,3.92
2023,2,24,18,3.78
2023,2,24,19,3.7
2023,2,24,20,3.55
2023,2,24,21,3.23
2023,2,24,22,2.26
2023,2,24,23,1.94
2023,2,25,0,1.65
2023,2,25,1,1.23
2023,2,25,2,1.12
2023,2,25,3,1.12
2023,2,25,4,1.21
2023,2,25,5,1.2
2023,2,25,6,1.23
2023,2,25,7,1.39
2023,2,25,8,1.38
2023,2,25,9,1.24
2023,2,25,10,1.36
2023,2,25,11,1.62
2023,2,25,12,2.31
2023,2,25,13,2.86
2023,2,25,14,3.32
2023,2,25,15,3.59
2023,2,25,16,3.74
2023,2,25,17,3.78
2023,2,25,18,3.71
2023,2,25,19,3.7
2023,2,25,20,3.57
2023,2,25,21,3.29
2023,2,25,22,2.32
2023,2,25,23,1.82
2023,2,26,0,1.68
2023,2,26,1,1.32
2023,2,26,2,1.12
2023,2,26,3,0.98
2023,2,26,4,1.03
2023,2,26,5,1.05
2023,2,26,6,1.2
2023,2,26,7,1.35
2023,2,26,8,1.3
2023,2,26,9,1.32
2023,2,26,10,1.34
2023,2,26,11,1.48
2023,2,26,12,2.02
2023,2,26,13,2.37
2023,2,26,14,2.5
2023,2,26,15,3.02
2023,2,26,16,3.4
2023,2,26,17,3.48
2023,2,26,18,3.37
2023,2,26,19,3.24
2023,2,26,20,3.07
2023,2,26,21,2.78
2023,2,26,22,2.06
2023,2,26,23,1.39
2023,2,27,0,1.19
2023,2,27,1,0.96
2023,2,27,2,0.86
2023,2,27,3,0.86
2023,2,27,4,0.94
2023,2,27,5,0.99
2023,2,27,6,1.03
2023,2,27,7,1.08
2023,2,27,8,1.08
2023,2,27,9,1.13
2023,2,27,10,1.2
2023,2,27,11,1.37
2023,2,27,12,2.43
2023,2,27,13,3.25
2023,2,27,14,3.58
2023,2,27,15,3.8
2023,2,27,16,4.07
2023,2,27,17,4.3
2023,2,27,18,4.51
2023,2,27,19,4.63
2023,2,27,20,4.5
2023,2,27,21,4.11
2023,2,27,22,3.1
2023,2,27,23,2.23
2023,2,28,0,2.14
2023,2,28,1,1.86
2023,2,28,2,1.65
2023,2,28,3,1.62
2023,2,28,4,1.53
2023,2,28,5,1.47
2023,2,28,6,1.55
2023,2,28,7,1.63
2023,2,28,8,1.52
2023,2,28,9,1.37
2023,2,28,10,1.27
2023,2,28,11,1.51
2023,2,28,12,2.44
2023,2,28,13,3.4
2023,2,28,14,4.22
2023,2,28,15,4.62
2023,2,28,16,4.85
2023,2,28,17,4.83
2023,2,28,18,4.59
2023,2,28,19,4.22
2023,2,28,20,3.84
2023,2,28,21,3.38
2023,2,28,22,2.27
2023,2,28,23,1.62
2023,3,1,0,1.53
2023,3,1,1,1.53
2023,3,1,2,1.68
2023,3,1,3,1.7
2023,3,1,4,1.6
2023,3,1,5,1.41
2023,3,1,6,1.27
2023,3,1,7,1.25
2023,3,1,8,1.28
2023,3,1,9,1.33
2023,3,1,10,1.42
2023,3,1,11,1.57
2023,3,1,12,2.32
2023,3,1,13,2.86
2023,3,1,14,3.43
2023,3,1,15,4.02
2023,3,1,16,4.38
2023,3,1,17,4.45
2023,3,1,18,4.28
2023,3,1,19,3.91
2023,3,1,20,3.43
2023,3,1,21,2.61
2023,3,1,22,1.6
2023,3,1,23,1.15
2023,3,2,0,0.98
2023,3,2,1,0.94
2023,3,2,2,0.95
2023,3,2,3,0.91
2023,3,2,4,0.85
2023,3,2,5,0.88
2023,3,2,6,1.04
2023,3,2,7,1.18
2023,3,2,8,1.32
2023,3,2,9,1.41
2023,3,2,10,1.42
2023,3,2,11,1.69
2023,3,2,12,2.75
2023,3,2,13,3.71
2023,3,2,14,4.47
2023,3,2,15,4.81
2023,3,2,16,5.0
2023,3,2,17,5.02
2023,3,2,18,4.91
2023,3,2,19,4.68
2023,3,2,20,4.37
2023,3,2,21,3.96
2023,3,2,22,2.9
2023,3,2,23,2.02
2023,3,3,0,1.91
2023,3,3,1,1.92
2023,3,3,2,1.95
2023,3,3,3,1.76
2023,3,3,4,1.52
2023,3,3,5,1.41
2023,3,3,6,1.5
2023,3,3,7,1.52
2023,3,3,8,1.4
2023,3,3,9,1.28
2023,3,3,10,1.42
2023,3,3,11,2.05
2023,3,3,12,3.31
2023,3,3,13,4.33
2023,3,3,14,4.68
2023,3,3,15,5.17
2023,3,3,16,5.46
2023,3,3,17,5.4
2023,3,3,18,5.24
2023,3,3,19,5.11
2023,3,3,20,5.01
2023,3,3,21,4.73
2023,3,3,22,3.73
2023,3,3,23,2.6
2023,3,4,0,2.5
2023,3,4,1,2.48
2023,3,4,2,2.38
2023,3,4,3,2.36
2023,3,4,4,2.54
2023,3,4,5,2.38
2023,3,4,6,2.16
2023,3,4,7,1.97
2023,3,4,8,1.94
2023,3,4,9,1.9
2023,3,4,10,1.74
2023,3,4,11,2.21
2023,3,4,12,3.07
2023,3,4,13,3.91
2023,3,4,14,4.4
2023,3,4,15,4.55
2023,3,4,16,4.67
2023,3,4,17,4.89
2023,3,4,18,4.95
2023,3,4,19,4.81
2023,3,4,20,4.41
2023,3,4,21,3.9
2023,3,4,22,2.78
2023,3,4,23,2.25
2023,3,5,0,2.36
2023,3,5,1,2.49
2023,3,5,2,2.36
2023,3,5,3,1.93
2023,3,5,4,1.51
2023,3,5,5,1.33
2023,3,5,6,1.33
2023,3,5,7,1.04
2023,3,5,8,1.01
2023,3,5,9,1.0
2023,3,5,10,1.09
2023,3,5,11,1.37
2023,3,5,12,2.28
2023,3,5,13,2.92
2023,3,5,14,3.51
2023,3,5,15,3.74
2023,3,5,16,3.94
2023,3,5,17,4.05
2023,3,5,18,3.94
2023,3,5,19,3.72
2023,3,5,20,3.47
2023,3,5,21,3.01
2023,3,5,22,1.92
2023,3,5,23,1.06
2023,3,6,0,0.59
2023,3,6,1,0.37
2023,3,6,2,0.46
2023,3,6,3,0.64
2023,3,6,4,0.86
2023,3,6,5,1.06
2023,3,6,6,1.1
2023,3,6,7,0.84
2023,3,6,8,0.72
2023,3,6,9,0.7
2023,3,6,10,0.73
2023,3,6,11,0.79
2023,3,6,12,1.27
2023,3,6,13,2.06
2023,3,6,14,3.07
2023,3,6,15,3.81
2023,3,6,16,4.09
2023,3,6,17,4.03
2023,3,6,18,3.83
2023,3,6,19,3.65
2023,3,6,20,3.47
2023,3,6,21,3.24
2023,3,6,22,2.52
2023,3,6,23,1.83
2023,3,7,0,1.94
2023,3,7,1,1.79
2023,3,7,2,1.54
2023,3,7,3,1.35
2023,3,7,4,1.16
2023,3,7,5,1.04
2023,3,7,6,0.96
2023,3,7,7,0.9
2023,3,7,8,0.9
2023,3,7,9,0.89
2023,3,7,10,0.92
2023,3,7,11,0.97
2023,3,7,12,1.46
2023,3,7,13,1.88
2023,3,7,14,2.18
2023,3,7,15,2.52
2023,3,7,16,2.94
2023,3,7,17,3.14
2023,3,7,18,3.17
2023,3,7,19,3.13
2023,3,7,20,3.01
2023,3,7,21,2.65
2023,3,7,22,1.73
2023,3,7,23,1.13
2023,3,8,0,1.13
2023,3,8,1,1.28
2023,3,8,2,1.57
2023,3,8,3,1.79
2023,3,8,4,1.66
2023,3,8,5,1.51
2023,3,8,6,1.35
2023,3,8,7,1.24
2023,3,8,8,1.02
2023,3,8,9,0.78
2023,3,8,10,0.66
2023,3,8,11,0.57
2023,3,8,12,0.67
2023,3,8,13,1.27
2023,3,8,14,1.99
2023,3,8,15,2.59
2023,3,8,16,2.75
2023,3,8,17,2.61
2023,3,8,18,2.27
2023,3,8,19,1.89
2023,3,8,20,1.59
2023,3,8,21,1.18
2023,3,8,22,0.61
2023,3,8,23,0.29
2023,3,9,0,0.25
2023,3,9,1,0.25
2023,3,9,2,0.19
2023,3,9,3,0.12
2023,3,9,4,0.08
2023,3,9,5,0.3
2023,3,9,6,0.61
2023,3,9,7,0.74
2023,3,9,8,0.72
2023,3,9,9,0.71
2023,3,9,10,0.69
2023,3,9,11,0.61
2023,3,9,12,0.6
2023,3,9,13,0.49
2023,3,9,14,0.95
2023,3,9,15,1.48
2023,3,9,16,1.84
2023,3,9,17,1.94
2023,3,9,18,1.97
2023,3,9,19,1.9
2023,3,9,20,1.69
2023,3,9,21,1.18
2023,3,9,22,0.47
2023,3,9,23,0.07
2023,3,10,0,0.41
2023,3,10,1,0.84
2023,3,10,2,1.09
2023,3,10,3,1.07
2023,3,10,4,0.98
2023,3,10,5,1.03
2023,3,10,6,1.0
2023,3,10,7,0.82
2023,3,10,8,0.58
2023,3,10,9,0.49
2023,3,10,10,0.57
2023,3,10,11,0.69
2023,3,10,12,0.84
2023,3,10,13,0.89
2023,3,10,14,1.21
2023,3,10,15,1.77
2023,3,10,16,2.28
2023,3,10,17,2.51
2023,3,10,18,2.5
2023,3,10,19,2.34
2023,3,10,20,2.1
2023,3,10,21,1.76
2023,3,10,22,1.2
2023,3,10,23,0.82
2023,3,11,0,0.8
2023,3,11,1,0.94
2023,3,11,2,1.13
2023,3,11,3,1.22
2023,3,11,4,1.29
2023,3,11,5,1.39
2023,3,11,6,1.31
2023,3,11,7,1.21
2023,3,11,8,1.23
2023,3,11,9,1.23
2023,3,11,10,1.12
2023,3,11,11,0.97
2023,3,11,12,1.15
2023,3,11,13,0.88
2023,3,11,14,0.89
2023,3,11,15,1.15
2023,3,11,16,1.37
2023,3,11,17,1.53
2023,3,11,18,1.59
2023,3,11,19,1.53
2023,3,11,20,1.25
2023,3,11,21,0.75
2023,3,11,22,0.3
2023,3,11,23,0.32
2023,3,12,0,0.37
2023,3,12,1,0.46
2023,3,12,2,0.57
2023,3,12,3,0.63
2023,3,12,4,0.74
2023,3,12,5,0.81
2023,3,12,6,0.77
2023,3,12,7,0.72
2023,3,12,8,0.72
2023,3,12,9,0.94
2023,3,12,10,1.26
2023,3,12,11,1.38
2023,3,12,12,2.18
2023,3,12,13,2.95
2023,3,12,14,3.56
2023,3,12,15,3.93
2023,3,12,16,4.03
2023,3,12,17,3.95
2023,3,12,18,3.67
2023,3,12,19,3.35
2023,3,12,20,3.04
2023,3,12,21,2.63
2023,3,12,22,1.88
2023,3,12,23,1.23
2023,3,13,0,1.23
2023,3,13,1,1.26
2023,3,13,2,0.96
2023,3,13,3,0.68
2023,3,13,4,0.61
2023,3,13,5,0.57
2023,3,13,6,0.5
2023,3,13,7,0.57
2023,3,13,8,0.7
2023,3,13,9,0.8
2023,3,13,10,0.87
2023,3,13,11,1.01
2023,3,13,12,1.81
2023,3,13,13,2.71
2023,3,13,14,3.43
2023,3,13,15,3.73
2023,3,13,16,3.86
2023,3,13,17,3.8
2023,3,13,18,3.58
2023,3,13,19,3.32
2023,3,13,20,3.07
2023,3,13,21,2.61
2023,3,13,22,1.84
2023,3,13,23,1.17
2023,3,14,0,1.19
2023,3,14,1,1.18
2023,3,14,2,1.01
2023,3,14,3,0.76
2023,3,14,4,0.65
2023,3,14,5,0.46
2023,3,14,6,0.49
2023,3,14,7,0.76
2023,3,14,8,0.76
2023,3,14,9,0.61
2023,3,14,10,0.61
2023,3,14,11,0.84
2023,3,14,12,1.88
2023,3,14,13,2.77
2023,3,14,14,3.16
2023,3,14,15,3.44
2023,3,14,16,3.55
2023,3,14,17,3.45
2023,3,14,18,3.26
2023,3,14,19,3.05
2023,3,14,20,2.87
2023,3,14,21,2.58
2023,3,14,22,2.03
2023,3,14,23,1.25
2023,3,15,0,1.21
2023,3,15,1,1.07
2023,3,15,2,0.78
2023,3,15,3,0.5
2023,3,15,4,0.35
2023,3,15,5,0.63
2023,3,15,6,0.83
2023,3,15,7,1.12
2023,3,15,8,1.26
2023,3,15,9,1.26
2023,3,15,10,1.31
2023,3,15,11,1.46
2023,3,15,12,2.19
2023,3,15,13,2.71
2023,3,15,14,2.55
2023,3,15,15,2.2
2023,3,15,16,1.99
2023,3,15,17,1.77
2023,3,15,18,1.44
2023,3,15,19,1.08
2023,3,15,20,0.8
2023,3,15,21,0.7
2023,3,15,22,0.47
2023,3,15,23,0.34
2023,3,16,0,0.33
2023,3,16,1,0.63
2023,3,16,2,1.02
2023,3,16,3,1.3
2023,3,16,4,1.38
2023,3,16,5,1.34
2023,3,16,6,1.23
2023,3,16,7,1.09
2023,3,16,8,0.87
2023,3,16,9,0.73
2023,3,16,10,0.86
2023,3,16,11,0.89
2023,3,16,12,1.1
2023,3,16,13,1.18
2023,3,16,14,1.06
2023,3,16,15,0.88
2023,3,16,16,0.91
2023,3,16,17,1.1
2023,3,16,18,1.2
2023,3,16,19,1.11
2023,3,16,20,1.05
2023,3,16,21,0.93
2023,3,16,22,0.68
2023,3,16,23,0.56
2023,3,17,0,0.64
2023,3,17,1,0.74
2023,3,17,2,0.75
2023,3,17,3,0.7
2023,3,17,4,0.69
2023,3,17,5,1.09
2023,3,17,6,1.14
2023,3,17,7,1.0
2023,3,17,8,1.04
2023,3,17,9,1.01
2023,3,17,10,0.83
2023,3,17,11,0.71
2023,3,17,12,0.92
2023,3,17,13,1.16
2023,3,17,14,1.21
2023,3,17,15,1.36
2023,3,17,16,1.62
2023,3,17,17,1.77
2023,3,17,18,1.79
2023,3,17,19,1.65
2023,3,17,20,1.42
2023,3,17,21,1.11
2023,3,17,22,0.82
2023,3,17,23,0.61
2023,3,18,0,0.59
2023,3,18,1,0.45
2023,3,18,2,0.38
2023,3,18,3,0.46
2023,3,18,4,0.47
2023,3,18,5,0.71
2023,3,18,6,0.64
2023,3,18,7,0.48
2023,3,18,8,0.59
2023,3,18,9,0.74
2023,3,18,10,0.74
2023,3,18,11,0.57
2023,3,18,12,0.56
2023,3,18,13,1.13
2023,3,18,14,2.06
2023,3,18,15,2.81
2023,3,18,16,3.02
2023,3,18,17,2.88
2023,3,18,18,2.66
2023,3,18,19,2.43
2023,3,18,20,2.24
2023,3,18,21,2.03
2023,3,18,22,1.55
2023,3,18,23,1.07
2023,3,19,0,0.88
2023,3,19,1,0.66
2023,3,19,2,0.58
2023,3,19,3,0.71
2023,3,19,4,0.98
2023,3,19,5,1.03
2023,3,19,6,0.98
2023,3,19,7,1.02
2023,3,19,8,1.03
2023,3,19,9,1.05
2023,3,19,10,1.04
2023,3,19,11,1.1
2023,3,19,12,1.45
2023,3,19,13,1.88
2023,3,19,14,1.79
2023,3,19,15,1.49
2023,3,19,16,1.33
2023,3,19,17,1.19
2023,3,19,18,1.04
2023,3,19,19,0.74
2023,3,19,20,0.46
2023,3,19,21,0.35
2023,3,19,22,0.17
2023,3,19,23,0.15
2023,3,20,0,0.28
2023,3,20,1,0.49
2023,3,20,2,0.49
2023,3,20,3,0.46
2023,3,20,4,0.39
2023,3,20,5,0.29
2023,3,20,6,0.36
2023,3,20,7,0.47
2023,3,20,8,0.5
2023,3,20,9,0.34
2023,3,20,10,0.25
2023,3,20,11,0.27
2023,3,20,12,0.7
2023,3,20,13,1.09
2023,3,20,14,1.08
2023,3,20,15,1.11
2023,3,20,16,1.17
2023,3,20,17,1.18
2023,3,20,18,1.16
2023,3,20,19,1.13
2023,3,20,20,1.08
2023,3,20,21,0.9
2023,3,20,22,0.7
2023,3,20,23,0.72
2023,3,21,0,0.83
2023,3,21,1,0.89
2023,3,21,2,1.01
2023,3,21,3,1.16
2023,3,21,4,1.26
2023,3,21,5,1.33
2023,3,21,6,1.34
2023,3,21,7,1.3
2023,3,21,8,1.33
2023,3,21,9,1.24
2023,3,21,10,1.15
2023,3,21,11,1.1
2023,3,21,12,1.82
2023,3,21,13,2.45
2023,3,21,14,2.79
2023,3,21,15,2.91
2023,3,21,16,2.91
2023,3,21,17,2.89
2023,3,21,18,2.79
2023,3,21,19,2.69
2023,3,21,20,2.6
2023,3,21,21,2.35
2023,3,21,22,1.96
2023,3,21,23,1.39
2023,3,22,0,1.28
2023,3,22,1,0.98
2023,3,22,2,0.83
2023,3,22,3,0.79
2023,3,22,4,0.76
2023,3,22,5,0.51
2023,3,22,6,0.35
2023,3,22,7,0.38
2023,3,22,8,0.53
2023,3,22,9,0.73
2023,3,22,10,0.98
2023,3,22,11,1.47
2023,3,22,12,2.66
2023,3,22,13,3.45
2023,3,22,14,3.8
2023,3,22,15,3.91
2023,3,22,16,3.96
2023,3,22,17,3.9
2023,3,22,18,3.73
2023,3,22,19,3.5
2023,3,22,20,3.27
2023,3,22,21,2.96
2023,3,22,22,2.39
2023,3,22,23,1.72
2023,3,23,0,1.56
2023,3,23,1,1.23
2023,3,23,2,1.07
2023,3,23,3,1.12
2023,3,23,4,1.07
2023,3,23,5,1.03
2023,3,23,6,0.98
2023,3,23,7,0.91
2023,3,23,8,1.17
2023,3,23,9,1.22
2023,3,23,10,1.2
2023,3,23,11,1.05
2023,3,23,12,1.48
2023,3,23,13,2.14
2023,3,23,14,2.56
2023,3,23,15,2.69
2023,3,23,16,2.58
2023,3,23,17,2.34
2023,3,23,18,2.15
2023,3,23,19,1.99
2023,3,23,20,1.74
2023,3,23,21,1.34
2023,3,23,22,0.81
2023,3,23,23,0.52
2023,3,24,0,0.51
2023,3,24,1,0.46
2023,3,24,2,0.52
2023,3,24,3,0.54
2023,3,24,4,0.53
2023,3,24,5,0.55
2023,3,24,6,0.63
2023,3,24,7,0.74
2023,3,24,8,0.97
2023,3,24,9,1.16
2023,3,24,10,1.14
2023,3,24,11,1.16
2023,3,24,12,1.95
2023,3,24,13,2.82
2023,3,24,14,3.38
2023,3,24,15,3.45
2023,3,24,16,3.27
2023,3,24,17,3.07
2023,3,24,18,2.83
2023,3,24,19,2.56
2023,3,24,20,2.23
2023,3,24,21,1.82
2023,3,24,22,1.34
2023,3,24,23,0.93
2023,3,25,0,0.78
2023,3,25,1,0.66
2023,3,25,2,0.63
2023,3,25,3,0.6
2023,3,25,4,0.73
2023,3,25,5,0.93
2023,3,25,6,1.04
2023,3,25,7,1.06
2023,3,25,8,0.82
2023,3,25,9,0.82
2023,3,25,10,1.03
2023,3,25,11,1.43
2023,3,25,12,2.16
2023,3,25,13,2.79
2023,3,25,14,2.99
2023,3,25,15,2.97
2023,3,25,16,2.92
2023,3,25,17,2.86
2023,3,25,18,2.85
2023,3,25,19,2.79
2023,3,25,20,2.67
2023,3,25,21,2.5
2023,3,25,22,2.04
2023,3,25,23,1.45
2023,3,26,0,1.28
2023,3,26,1,1.1
2023,3,26,2,0.96
2023,3,26,3,0.93
2023,3,26,4,0.93
2023,3,26,5,0.94
2023,3,26,6,0.94
2023,3,26,7,0.96
2023,3,26,8,1.05
2023,3,26,9,1.1
2023,3,26,10,1.02
2023,3,26,11,1.27
2023,3,26,12,1.82
2023,3,26,13,2.86
2023,3,26,14,3.5
2023,3,26,15,3.77
2023,3,26,16,3.95
2023,3,26,17,4.08
2023,3,26,18,4.06
2023,3,26,19,3.94
2023,3,26,20,3.7
2023,3,26,21,3.27
2023,3,26,22,2.51
2023,3,26,23,1.83
2023,3,27,0,1.81
2023,3,27,1,1.84
2023,3,27,2,1.89
2023,3,27,3,2.01
2023,3,27,4,1.93
2023,3,27,5,1.77
2023,3,27,6,1.54
2023,3,27,7,1.47
2023,3,27,8,1.51
2023,3,27,9,1.59
2023,3,27,10,1.62
2023,3,27,11,1.84
2023,3,27,12,3.18
2023,3,27,13,4.14
2023,3,27,14,4.51
2023,3,27,15,4.4
2023,3,27,16,4.15
2023,3,27,17,3.89
2023,3,27,18,3.68
2023,3,27,19,3.42
2023,3,27,20,3.07
2023,3,27,21,2.61
2023,3,27,22,1.88
2023,3,27,23,1.29
2023,3,28,0,1.14
2023,3,28,1,0.98
2023,3,28,2,0.81
2023,3,28,3,0.74
2023,3,28,4,0.75
2023,3,28,5,0.78
2023,3,28,6,0.86
2023,3,28,7,0.98
2023,3,28,8,1.14
2023,3,28,9,1.23
2023,3,28,10,1.03
2023,3,28,11,1.08
2023,3,28,12,1.74
2023,3,28,13,2.42
2023,3,28,14,3.0
2023,3,28,15,3.19
2023,3,28,16,3.3
2023,3,28,17,3.35
2023,3,28,18,3.25
2023,3,28,19,3.03
2023,3,28,20,2.71
2023,3,28,21,2.33
2023,3,28,22,1.73
2023,3,28,23,1.1
2023,3,29,0,1.05
2023,3,29,1,1.0
2023,3,29,2,0.85
2023,3,29,3,0.67
2023,3,29,4,0.63
2023,3,29,5,0.74
2023,3,29,6,0.96
2023,3,29,7,1.02
2023,3,29,8,0.94
2023,3,29,9,0.8
2023,3,29,10,0.59
2023,3,29,11,0.4
2023,3,29,12,1.43
2023,3,29,13,1.69
2023,3,29,14,2.16
2023,3,29,15,2.67
2023,3,29,16,3.01
2023,3,29,17,3.03
2023,3,29,18,2.81
2023,3,29,19,2.5
2023,3,29,20,2.21
2023,3,29,21,1.88
2023,3,29,22,1.25
2023,3,29,23,0.71
2023,3,30,0,0.8
2023,3,30,1,0.9
2023,3,30,2,0.78
2023,3,30,3,0.74
2023,3,30,4,0.84
2023,3,30,5,0.86
2023,3,30,6,0.85
2023,3,30,7,0.86
2023,3,30,8,0.94
2023,3,30,9,1.02
2023,3,30,10,1.06
2023,3,30,11,1.36
2023,3,30,12,2.05
2023,3,30,13,2.55
2023,3,30,14,3.08
2023,3,30,15,3.57
2023,3,30,16,3.94
2023,3,30,17,4.08
2023,3,30,18,4.03
2023,3,30,19,3.83
2023,3,30,20,3.55
2023,3,30,21,3.07
2023,3,30,22,2.28
2023,3,30,23,1.45
2023,3,31,0,1.44
2023,3,31,1,1.54
2023,3,31,2,1.42
2023,3,31,3,1.5
2023,3,31,4,1.4
2023,3,31,5,1.49
2023,3,31,6,1.29
2023,3,31,7,1.15
2023,3,31,8,1.15
2023,3,31,9,1.03
2023,3,31,10,0.98
2023,3,31,11,1.28
2023,3,31,12,2.57
2023,3,31,13,3.71
2023,3,31,14,4.26
2023,3,31,15,4.5
2023,3,31,16,4.58
2023,3,31,17,4.42
2023,3,31,18,4.14
2023,3,31,19,3.93
2023,3,31,20,3.65
2023,3,31,21,3.25
2023,3,31,22,2.45
2023,3,31,23,1.71
2023,4,1,0,1.51
2023,4,1,1,1.47
2023,4,1,2,1.57
2023,4,1,3,1.68
2023,4,1,4,1.95
2023,4,1,5,2.1
2023,4,1,6,2.05
2023,4,1,7,1.84
2023,4,1,8,1.68
2023,4,1,9,1.51
2023,4,1,10,1.27
2023,4,1,11,1.41
2023,4,1,12,2.56
2023,4,1,13,3.38
2023,4,1,14,3.79
2023,4,1,15,4.09
2023,4,1,16,4.16
2023,4,1,17,3.96
2023,4,1,18,3.62
2023,4,1,19,3.33
2023,4,1,20,3.05
2023,4,1,21,2.56
2023,4,1,22,1.89
2023,4,1,23,1.83
2023,4,2,0,2.43
2023,4,2,1,2.75
2023,4,2,2,2.29
2023,4,2,3,1.44
2023,4,2,4,0.97
2023,4,2,5,0.76
2023,4,2,6,0.64
2023,4,2,7,0.61
2023,4,2,8,0.85
2023,4,2,9,1.12
2023,4,2,10,1.17
2023,4,2,11,1.83
2023,4,2,12,3.44
2023,4,2,13,4.39
2023,4,2,14,4.93
2023,4,2,15,5.23
2023,4,2,16,5.4
2023,4,2,17,5.31
2023,4,2,18,4.88
2023,4,2,19,4.42
2023,4,2,20,4.0
2023,4,2,21,3.46
2023,4,2,22,2.41
2023,4,2,23,1.45
2023,4,3,0,1.17
2023,4,3,1,0.99
2023,4,3,2,0.84
2023,4,3,3,0.88
2023,4,3,4,0.87
2023,4,3,5,0.82
2023,4,3,6,0.77
2023,4,3,7,0.85
2023,4,3,8,1.07
2023,4,3,9,1.26
2023,4,3,10,1.42
2023,4,3,11,2.04
2023,4,3,12,3.28
2023,4,3,13,4.27
2023,4,3,14,4.88
2023,4,3,15,5.02
2023,4,3,16,4.87
2023,4,3,17,4.59
2023,4,3,18,4.32
2023,4,3,19,4.04
2023,4,3,20,3.66
2023,4,3,21,3.13
2023,4,3,22,2.26
2023,4,3,23,1.43
2023,4,4,0,1.3
2023,4,4,1,1.42
2023,4,4,2,1.47
2023,4,4,3,1.48
2023,4,4,4,1.43
2023,4,4,5,1.29
2023,4,4,6,1.21
2023,4,4,7,1.23
2023,4,4,8,1.34
2023,4,4,9,1.09
2023,4,4,10,0.84
2023,4,4,11,1.04
2023,4,4,12,2.19
2023,4,4,13,3.24
2023,4,4,14,3.86
2023,4,4,15,4.32
2023,4,4,16,4.46
2023,4,4,17,4.28
2023,4,4,18,3.95
2023,4,4,19,3.52
2023,4,4,20,2.95
2023,4,4,21,2.24
2023,4,4,22,1.56
2023,4,4,23,0.92
2023,4,5,0,0.81
2023,4,5,1,0.98
2023,4,5,2,1.24
2023,4,5,3,1.47
2023,4,5,4,1.34
2023,4,5,5,1.2
2023,4,5,6,1.12
2023,4,5,7,1.0
2023,4,5,8,0.91
2023,4,5,9,0.91
2023,4,5,10,0.67
2023,4,5,11,0.37
2023,4,5,12,0.61
2023,4,5,13,1.05
2023,4,5,14,1.91
2023,4,5,15,2.89
2023,4,5,16,3.27
2023,4,5,17,3.29
2023,4,5,18,3.16
2023,4,5,19,2.95
2023,4,5,20,2.57
2023,4,5,21,2.19
2023,4,5,22,1.68
2023,4,5,23,1.04
2023,4,6,0,0.98
2023,4,6,1,1.21
2023,4,6,2,1.33
2023,4,6,3,1.23
2023,4,6,4,1.02
2023,4,6,5,0.87
2023,4,6,6,0.73
2023,4,6,7,0.46
2023,4,6,8,0.22
2023,4,6,9,0.27
2023,4,6,10,0.37
2023,4,6,11,0.47
2023,4,6,12,0.93
2023,4,6,13,1.49
2023,4,6,14,1.95
2023,4,6,15,2.44
2023,4,6,16,2.82
2023,4,6,17,2.92
2023,4,6,18,2.77
2023,4,6,19,2.43
2023,4,6,20,2.11
2023,4,6,21,1.8
2023,4,6,22,1.23
2023,4,6,23,1.02
2023,4,7,0,1.15
2023,4,7,1,1.22
2023,4,7,2,1.34
2023,4,7,3,1.24
2023,4,7,4,1.22
2023,4,7,5,1.25
2023,4,7,6,1.15
2023,4,7,7,1.12
2023,4,7,8,0.82
2023,4,7,9,0.5
2023,4,7,10,0.08
2023,4,7,11,0.37
2023,4,7,12,0.44
2023,4,7,13,0.29
2023,4,7,14,0.78
2023,4,7,15,1.33
2023,4,7,16,1.67
2023,4,7,17,1.89
2023,4,7,18,1.93
2023,4,7,19,1.92
2023,4,7,20,1.86
2023,4,7,21,1.58
2023,4,7,22,1.08
2023,4,7,23,0.65
2023,4,8,0,0.58
2023,4,8,1,0.55
2023,4,8,2,0.49
2023,4,8,3,0.51
2023,4,8,4,0.79
2023,4,8,5,1.11
2023,4,8,6,1.39
2023,4,8,7,1.68
2023,4,8,8,1.81
2023,4,8,9,1.66
2023,4,8,10,1.24
2023,4,8,11,0.76
2023,4,8,12,0.82
2023,4,8,13,0.92
2023,4,8,14,1.35
2023,4,8,15,1.98
2023,4,8,16,2.45
2023,4,8,17,2.69
2023,4,8,18,2.68
2023,4,8,19,2.51
2023,4,8,20,2.26
2023,4,8,21,1.84
2023,4,8,22,1.22
2023,4,8,23,0.62
2023,4,9,0,0.49
2023,4,9,1,0.47
2023,4,9,2,0.47
2023,4,9,3,0.58
2023,4,9,4,0.79
2023,4,9,5,0.96
2023,4,9,6,0.97
2023,4,9,7,0.88
2023,4,9,8,0.79
2023,4,9,9,0.76
2023,4,9,10,0.79
2023,4,9,11,1.18
2023,4,9,12,2.32
2023,4,9,13,2.99
2023,4,9,14,3.22
2023,4,9,15,3.4
2023,4,9,16,3.5
2023,4,9,17,3.56
2023,4,9,18,3.66
2023,4,9,19,3.65
2023,4,9,20,3.52
2023,4,9,21,3.19
2023,4,9,22,2.58
2023,4,9,23,1.95
2023,4,10,0,1.85
2023,4,10,1,1.83
2023,4,10,2,1.66
2023,4,10,3,1.54
2023,4,10,4,1.71
2023,4,10,5,1.65
2023,4,10,6,0.99
2023,4,10,7,0.75
2023,4,10,8,0.6
2023,4,10,9,0.64
2023,4,10,10,0.7
2023,4,10,11,1.26
2023,4,10,12,2.36
2023,4,10,13,2.97
2023,4,10,14,3.38
2023,4,10,15,3.62
2023,4,10,16,3.69
2023,4,10,17,3.57
2023,4,10,18,3.52
2023,4,10,19,3.54
2023,4,10,20,3.45
2023,4,10,21,3.1
2023,4,10,22,2.26
2023,4,10,23,1.34
2023,4,11,0,1.16
2023,4,11,1,1.15
2023,4,11,2,1.2
2023,4,11,3,1.04
2023,4,11,4,0.91
2023,4,11,5,0.91
2023,4,11,6,0.92
2023,4,11,7,0.95
2023,4,11,8,1.0
2023,4,11,9,1.03
2023,4,11,10,1.0
2023,4,11,11,1.17
2023,4,11,12,2.03
2023,4,11,13,2.73
2023,4,11,14,3.28
2023,4,11,15,3.55
2023,4,11,16,3.75
2023,4,11,17,3.82
2023,4,11,18,3.84
2023,4,11,19,3.68
2023,4,11,20,3.42
2023,4,11,21,3.06
2023,4,11,22,2.41
2023,4,11,23,1.71
2023,4,12,0,1.78
2023,4,12,1,1.98
2023,4,12,2,2.13
2023,4,12,3,2.15
2023,4,12,4,2.07
2023,4,12,5,1.8
2023,4,12,6,1.41
2023,4,12,7,1.18
2023,4,12,8,0.93
2023,4,12,9,0.72
2023,4,12,10,0.73
2023,4,12,11,0.9
2023,4,12,12,1.77
2023,4,12,13,2.73
2023,4,12,14,3.62
2023,4,12,15,4.1
2023,4,12,16,4.28
2023,4,12,17,4.32
2023,4,12,18,4.18
2023,4,12,19,3.91
2023,4,12,20,3.58
2023,4,12,21,3.12
2023,4,12,22,2.37
2023,4,12,23,1.66
2023,4,13,0,1.53
2023,4,13,1,1.41
2023,4,13,2,1.32
2023,4,13,3,1.28
2023,4,13,4,1.09
2023,4,13,5,0.94
2023,4,13,6,0.9
2023,4,13,7,0.9
2023,4,13,8,0.95
2023,4,13,9,0.87
2023,4,13,10,0.78
2023,4,13,11,1.02
2023,4,13,12,2.19
2023,4,13,13,3.27
2023,4,13,14,3.93
2023,4,13,15,4.23
2023,4,13,16,4.29
2023,4,13,17,4.03
2023,4,13,18,3.65
2023,4,13,19,3.22
2023,4,13,20,2.81
2023,4,13,21,2.28
2023,4,13,22,1.62
2023,4,13,23,1.06
2023,4,14,0,1.18
2023,4,14,1,1.18
2023,4,14,2,1.04
2023,4,14,3,0.82
2023,4,14,4,0.7
2023,4,14,5,0.65
2023,4,14,6,0.66
2023,4,14,7,0.73
2023,4,14,8,0.85
2023,4,14,9,0.95
2023,4,14,10,1.09
2023,4,14,11,1.32
2023,4,14,12,2.59
2023,4,14,13,3.27
2023,4,14,14,3.7
2023,4,14,15,4.25
2023,4,14,16,4.75
2023,4,14,17,5.0
2023,4,14,18,4.74
2023,4,14,19,4.19
2023,4,14,20,3.63
2023,4,14,21,3.04
2023,4,14,22,2.26
2023,4,14,23,1.71
2023,4,15,0,1.78
2023,4,15,1,1.4
2023,4,15,2,1.31
2023,4,15,3,1.27
2023,4,15,4,1.12
2023,4,15,5,1.12
2023,4,15,6,1.17
2023,4,15,7,1.17
2023,4,15,8,1.22
2023,4,15,9,1.17
2023,4,15,10,1.17
2023,4,15,11,1.56
2023,4,15,12,2.54
2023,4,15,13,3.11
2023,4,15,14,3.41
2023,4,15,15,3.61
2023,4,15,16,3.91
2023,4,15,17,4.1
2023,4,15,18,4.12
2023,4,15,19,4.06
2023,4,15,20,3.74
2023,4,15,21,3.06
2023,4,15,22,2.13
2023,4,15,23,1.38
2023,4,16,0,1.35
2023,4,16,1,1.51
2023,4,16,2,1.81
2023,4,16,3,1.98
2023,4,16,4,2.0
2023,4,16,5,1.97
2023,4,16,6,1.86
2023,4,16,7,1.66
2023,4,16,8,1.36
2023,4,16,9,1.11
2023,4,16,10,0.85
2023,4,16,11,0.67
2023,4,16,12,1.16
2023,4,16,13,1.58
2023,4,16,14,2.06
2023,4,16,15,2.61
2023,4,16,16,3.03
2023,4,16,17,3.18
2023,4,16,18,3.14
2023,4,16,19,3.08
2023,4,16,20,2.94
2023,4,16,21,2.4
2023,4,16,22,1.62
2023,4,16,23,1.12
2023,4,17,0,1.16
2023,4,17,1,1.2
2023,4,17,2,1.16
2023,4,17,3,0.93
2023,4,17,4,0.52
2023,4,17,5,0.18
2023,4,17,6,0.59
2023,4,17,7,0.97
2023,4,17,8,1.07
2023,4,17,9,0.9
2023,4,17,10,0.52
2023,4,17,11,0.09
2023,4,17,12,0.63
2023,4,17,13,1.02
2023,4,17,14,1.48
2023,4,17,15,2.01
2023,4,17,16,2.44
2023,4,17,17,2.49
2023,4,17,18,2.12
2023,4,17,19,1.71
2023,4,17,20,1.51
2023,4,17,21,1.4
2023,4,17,22,1.2
2023,4,17,23,0.95
2023,4,18,0,0.91
2023,4,18,1,0.64
2023,4,18,2,0.3
2023,4,18,3,0.52
2023,4,18,4,1.13
2023,4,18,5,1.54
2023,4,18,6,1.66
2023,4,18,7,1.58
2023,4,18,8,1.45
2023,4,18,9,1.27
2023,4,18,10,1.09
2023,4,18,11,0.87
2023,4,18,12,0.62
2023,4,18,13,0.74
2023,4,18,14,0.96
2023,4,18,15,0.89
2023,4,18,16,0.7
2023,4,18,17,0.48
2023,4,18,18,0.23
2023,4,18,19,0.09
2023,4,18,20,0.04
2023,4,18,21,0.19
2023,4,18,22,0.25
2023,4,18,23,0.34
2023,4,19,0,0.69
2023,4,19,1,0.88
2023,4,19,2,0.86
2023,4,19,3,0.75
2023,4,19,4,0.63
2023,4,19,5,0.4
2023,4,19,6,0.45
2023,4,19,7,0.57
2023,4,19,8,0.57
2023,4,19,9,0.66
2023,4,19,10,0.96
2023,4,19,11,1.15
2023,4,19,12,2.0
2023,4,19,13,2.75
2023,4,19,14,3.46
2023,4,19,15,3.95
2023,4,19,16,4.04
2023,4,19,17,3.9
2023,4,19,18,3.72
2023,4,19,19,3.52
2023,4,19,20,3.26
2023,4,19,21,2.83
2023,4,19,22,2.0
2023,4,19,23,1.39
2023,4,20,0,1.55
2023,4,20,1,1.69
2023,4,20,2,1.49
2023,4,20,3,1.38
2023,4,20,4,1.35
2023,4,20,5,1.35
2023,4,20,6,1.48
2023,4,20,7,1.77
2023,4,20,8,2.46
2023,4,20,9,2.67
2023,4,20,10,2.09
2023,4,20,11,1.7
2023,4,20,12,2.01
2023,4,20,13,2.06
2023,4,20,14,2.21
2023,4,20,15,2.66
2023,4,20,16,2.98
2023,4,20,17,3.12
2023,4,20,18,3.08
2023,4,20,19,2.91
2023,4,20,20,2.5
2023,4,20,21,1.8
2023,4,20,22,0.8
2023,4,20,23,0.32
2023,4,21,0,0.33
2023,4,21,1,0.5
2023,4,21,2,0.9
2023,4,21,3,1.14
2023,4,21,4,1.16
2023,4,21,5,1.05
2023,4,21,6,0.84
2023,4,21,7,0.63
2023,4,21,8,0.56
2023,4,21,9,0.46
2023,4,21,10,0.35
2023,4,21,11,0.64
2023,4,21,12,0.93
2023,4,21,13,1.34
2023,4,21,14,1.12
2023,4,21,15,0.88
2023,4,21,16,1.68
2023,4,21,17,2.16
2023,4,21,18,2.21
2023,4,21,19,2.03
2023,4,21,20,1.71
2023,4,21,21,1.28
2023,4,21,22,0.74
2023,4,21,23,0.24
2023,4,22,0,0.2
2023,4,22,1,0.34
2023,4,22,2,0.38
2023,4,22,3,0.36
2023,4,22,4,0.48
2023,4,22,5,0.57
2023,4,22,6,0.52
2023,4,22,7,0.53
2023,4,22,8,0.65
2023,4,22,9,0.72
2023,4,22,10,0.72
2023,4,22,11,0.71
2023,4,22,12,1.12
2023,4,22,13,0.99
2023,4,22,14,0.64
2023,4,22,15,0.5
2023,4,22,16,0.6
2023,4,22,17,0.87
2023,4,22,18,1.1
2023,4,22,19,1.2
2023,4,22,20,1.14
2023,4,22,21,0.94
2023,4,22,22,0.59
2023,4,22,23,0.42
2023,4,23,0,0.38
2023,4,23,1,0.35
2023,4,23,2,0.32
2023,4,23,3,0.3
2023,4,23,4,0.37
2023,4,23,5,0.46
2023,4,23,6,0.47
2023,4,23,7,0.42
2023,4,23,8,0.42
2023,4,23,9,0.47
2023,4,23,10,0.58
2023,4,23,11,0.63
2023,4,23,12,0.65
2023,4,23,13,0.48
2023,4,23,14,0.4
2023,4,23,15,0.47
2023,4,23,16,0.7
2023,4,23,17,0.93
2023,4,23,18,1.03
2023,4,23,19,1.06
2023,4,23,20,1.0
2023,4,23,21,0.83
2023,4,23,22,0.61
2023,4,23,23,0.54
2023,4,24,0,0.61
2023,4,24,1,0.56
2023,4,24,2,0.58
2023,4,24,3,0.56
2023,4,24,4,0.55
2023,4,24,5,0.22
2023,4,24,6,0.3
2023,4,24,7,0.31
2023,4,24,8,0.16
2023,4,24,9,0.09
2023,4,24,10,0.16
2023,4,24,11,0.39
2023,4,24,12,0.62
2023,4,24,13,0.75
2023,4,24,14,1.09
2023,4,24,15,1.41
2023,4,24,16,1.63
2023,4,24,17,1.65
2023,4,24,18,1.65
2023,4,24,19,1.73
2023,4,24,20,1.73
2023,4,24,21,1.47
2023,4,24,22,0.86
2023,4,24,23,0.59
2023,4,25,0,0.81
2023,4,25,1,0.8
2023,4,25,2,0.61
2023,4,25,3,0.37
2023,4,25,4,0.2
2023,4,25,5,0.34
2023,4,25,6,0.24
2023,4,25,7,0.26
2023,4,25,8,0.74
2023,4,25,9,1.03
2023,4,25,10,1.21
2023,4,25,11,1.13
2023,4,25,12,1.15
2023,4,25,13,0.56
2023,4,25,14,0.2
2023,4,25,15,0.79
2023,4,25,16,1.21
2023,4,25,17,1.41
2023,4,25,18,1.46
2023,4,25,19,1.4
2023,4,25,20,1.38
2023,4,25,21,1.17
2023,4,25,22,0.61
2023,4,25,23,0.23
2023,4,26,0,0.47
2023,4,26,1,0.67
2023,4,26,2,0.87
2023,4,26,3,1.0
2023,4,26,4,1.18
2023,4,26,5,1.27
2023,4,26,6,1.21
2023,4,26,7,1.09
2023,4,26,8,1.08
2023,4,26,9,1.21
2023,4,26,10,1.34
2023,4,26,11,1.23
2023,4,26,12,1.54
2023,4,26,13,1.77
2023,4,26,14,1.83
2023,4,26,15,1.83
2023,4,26,16,2.06
2023,4,26,17,2.33
2023,4,26,18,2.38
2023,4,26,19,2.29
2023,4,26,20,2.15
2023,4,26,21,1.92
2023,4,26,22,1.4
2023,4,26,23,0.96
2023,4,27,0,1.11
2023,4,27,1,1.29
2023,4,27,2,1.45
2023,4,27,3,1.37
2023,4,27,4,1.08
2023,4,27,5,0.89
2023,4,27,6,0.79
2023,4,27,7,0.58
2023,4,27,8,0.49
2023,4,27,9,0.54
2023,4,27,10,0.61
2023,4,27,11,0.79
2023,4,27,12,1.74
2023,4,27,13,2.42
2023,4,27,14,3.24
2023,4,27,15,3.79
2023,4,27,16,3.91
2023,4,27,17,3.8
2023,4,27,18,3.66
2023,4,27,19,3.48
2023,4,27,20,3.23
2023,4,27,21,2.91
2023,4,27,22,2.35
2023,4,27,23,1.59
2023,4,28,0,1.56
2023,4,28,1,1.41
2023,4,28,2,1.18
2023,4,28,3,1.04
2023,4,28,4,1.1
2023,4,28,5,1.03
2023,4,28,6,0.83
2023,4,28,7,0.7
2023,4,28,8,0.73
2023,4,28,9,0.79
2023,4,28,10,0.92
2023,4,28,11,1.13
2023,4,28,12,2.11
2023,4,28,13,2.77
2023,4,28,14,3.24
2023,4,28,15,3.55
2023,4,28,16,3.87
2023,4,28,17,4.0
2023,4,28,18,3.98
2023,4,28,19,3.79
2023,4,28,20,3.49
2023,4,28,21,3.12
2023,4,28,22,2.38
2023,4,28,23,1.9
2023,4,29,0,2.11
2023,4,29,1,2.38
2023,4,29,2,2.59
2023,4,29,3,2.57
2023,4,29,4,2.45
2023,4,29,5,2.31
2023,4,29,6,2.11
2023,4,29,7,1.79
2023,4,29,8,1.3
2023,4,29,9,1.03
2023,4,29,10,0.89
2023,4,29,11,1.09
2023,4,29,12,2.02
2023,4,29,13,2.81
2023,4,29,14,3.73
2023,4,29,15,4.28
2023,4,29,16,4.47
2023,4,29,17,4.3
2023,4,29,18,4.02
2023,4,29,19,3.75
2023,4,29,20,3.5
2023,4,29,21,3.13
2023,4,29,22,2.33
2023,4,29,23,1.57
2023,4,30,0,1.42
2023,4,30,1,1.17
2023,4,30,2,0.8
2023,4,30,3,0.52
2023,4,30,4,0.44
2023,4,30,5,0.51
2023,4,30,6,0.56
2023,4,30,7,0.63
2023,4,30,8,0.67
2023,4,30,9,0.75
2023,4,30,10,0.9
2023,4,30,11,1.14
2023,4,30,12,2.05
2023,4,30,13,2.9
2023,4,30,14,3.5
2023,4,30,15,4.07
2023,4,30,16,4.44
2023,4,30,17,4.56
2023,4,30,18,4.47
2023,4,30,19,4.19
2023,4,30,20,3.84
2023,4,30,21,3.25
2023,4,30,22,2.25
2023,4,30,23,1.39
2023,5,1,0,1.16
2023,5,1,1,0.95
2023,5,1,2,0.91
2023,5,1,3,0.8
2023,5,1,4,0.83
2023,5,1,5,0.7
2023,5,1,6,0.66
2023,5,1,7,0.77
2023,5,1,8,0.96
2023,5,1,9,1.08
2023,5,1,10,1.1
2023,5,1,11,1.31
2023,5,1,12,2.06
2023,5,1,13,2.81
2023,5,1,14,3.69
2023,5,1,15,4.28
2023,5,1,16,4.53
2023,5,1,17,4.31
2023,5,1,18,3.92
2023,5,1,19,3.63
2023,5,1,20,3.36
2023,5,1,21,2.95
2023,5,1,22,2.12
2023,5,1,23,1.44
2023,5,2,0,1.42
2023,5,2,1,1.23
2023,5,2,2,1.07
2023,5,2,3,1.01
2023,5,2,4,1.05
2023,5,2,5,1.01
2023,5,2,6,0.82
2023,5,2,7,0.78
2023,5,2,8,0.88
2023,5,2,9,0.99
2023,5,2,10,1.2
2023,5,2,11,1.45
2023,5,2,12,2.77
2023,5,2,13,3.75
2023,5,2,14,4.31
2023,5,2,15,4.87
2023,5,2,16,5.23
2023,5,2,17,5.42
2023,5,2,18,5.41
2023,5,2,19,5.22
2023,5,2,20,4.88
2023,5,2,21,4.26
2023,5,2,22,3.07
2023,5,2,23,2.15
2023,5,3,0,1.96
2023,5,3,1,1.63
2023,5,3,2,1.57
2023,5,3,3,1.46
2023,5,3,4,1.56
2023,5,3,5,1.55
2023,5,3,6,1.54
2023,5,3,7,1.66
2023,5,3,8,1.89
2023,5,3,9,1.87
2023,5,3,10,1.67
2023,5,3,11,2.03
2023,5,3,12,2.96
2023,5,3,13,3.6
2023,5,3,14,4.07
2023,5,3,15,4.44
2023,5,3,16,4.74
2023,5,3,17,4.78
2023,5,3,18,4.68
2023,5,3,19,4.5
2023,5,3,20,4.23
2023,5,3,21,3.76
2023,5,3,22,2.73
2023,5,3,23,1.85
2023,5,4,0,1.81
2023,5,4,1,1.42
2023,5,4,2,1.03
2023,5,4,3,0.8
2023,5,4,4,0.82
2023,5,4,5,0.72
2023,5,4,6,0.74
2023,5,4,7,0.83
2023,5,4,8,0.92
2023,5,4,9,1.03
2023,5,4,10,1.12
2023,5,4,11,1.54
2023,5,4,12,2.52
2023,5,4,13,3.44
2023,5,4,14,4.23
2023,5,4,15,4.66
2023,5,4,16,4.86
2023,5,4,17,4.87
2023,5,4,18,4.68
2023,5,4,19,4.43
2023,5,4,20,4.11
2023,5,4,21,3.64
2023,5,4,22,2.68
2023,5,4,23,1.8
2023,5,5,0,1.91
2023,5,5,1,1.73
2023,5,5,2,1.61
2023,5,5,3,1.37
2023,5,5,4,1.33
2023,5,5,5,1.42
2023,5,5,6,1.48
2023,5,5,7,1.59
2023,5,5,8,1.61
2023,5,5,9,1.55
2023,5,5,10,1.56
2023,5,5,11,2.22
2023,5,5,12,3.42
2023,5,5,13,4.27
2023,5,5,14,4.77
2023,5,5,15,5.19
2023,5,5,16,5.43
2023,5,5,17,5.43
2023,5,5,18,5.2
2023,5,5,19,4.85
2023,5,5,20,4.35
2023,5,5,21,3.69
2023,5,5,22,2.57
2023,5,5,23,1.8
2023,5,6,0,1.92
2023,5,6,1,2.04
2023,5,6,2,2.13
2023,5,6,3,2.08
2023,5,6,4,1.83
2023,5,6,5,1.71
2023,5,6,6,1.85
2023,5,6,7,1.95
2023,5,6,8,2.07
2023,5,6,9,2.1
2023,5,6,10,1.93
2023,5,6,11,2.24
2023,5,6,12,3.53
2023,5,6,13,4.34
2023,5,6,14,4.66
2023,5,6,15,4.95
2023,5,6,16,5.11
2023,5,6,17,5.02
2023,5,6,18,4.8
2023,5,6,19,4.49
2023,5,6,20,4.1
2023,5,6,21,3.52
2023,5,6,22,2.55
2023,5,6,23,1.79
2023,5,7,0,1.63
2023,5,7,1,1.24
2023,5,7,2,1.03
2023,5,7,3,1.05
2023,5,7,4,1.02
2023,5,7,5,0.95
2023,5,7,6,0.96
2023,5,7,7,0.99
2023,5,7,8,1.06
2023,5,7,9,1.12
2023,5,7,10,1.24
2023,5,7,11,1.62
2023,5,7,12,2.57
2023,5,7,13,3.42
2023,5,7,14,3.77
2023,5,7,15,4.09
2023,5,7,16,4.2
2023,5,7,17,4.07
2023,5,7,18,3.86
2023,5,7,19,3.68
2023,5,7,20,3.47
2023,5,7,21,3.1
2023,5,7,22,2.34
2023,5,7,23,1.74
2023,5,8,0,1.59
2023,5,8,1,1.46
2023,5,8,2,1.32
2023,5,8,3,1.19
2023,5,8,4,1.01
2023,5,8,5,1.01
2023,5,8,6,1.15
2023,5,8,7,1.25
2023,5,8,8,1.34
2023,5,8,9,1.51
2023,5,8,10,1.56
2023,5,8,11,2.16
2023,5,8,12,3.25
2023,5,8,13,3.99
2023,5,8,14,4.51
2023,5,8,15,4.98
2023,5,8,16,5.31
2023,5,8,17,5.3
2023,5,8,18,5.15
2023,5,8,19,4.92
2023,5,8,20,4.57
2023,5,8,21,3.99
2023,5,8,22,2.86
2023,5,8,23,2.05
2023,5,9,0,2.18
2023,5,9,1,2.09
2023,5,9,2,1.98
2023,5,9,3,1.99
2023,5,9,4,1.94
2023,5,9,5,1.95
2023,5,9,6,2.04
2023,5,9,7,2.11
2023,5,9,8,2.08
2023,5,9,9,2.3
2023,5,9,10,2.92
2023,5,9,11,3.89
2023,5,9,12,5.04
2023,5,9,13,5.87
2023,5,9,14,6.0
2023,5,9,15,5.75
2023,5,9,16,5.41
2023,5,9,17,5.02
2023,5,9,18,4.59
2023,5,9,19,4.15
2023,5,9,20,3.71
2023,5,9,21,3.21
2023,5,9,22,2.21
2023,5,9,23,1.37
2023,5,10,0,1.18
2023,5,10,1,1.16
2023,5,10,2,1.24
2023,5,10,3,1.43
2023,5,10,4,1.67
2023,5,10,5,1.57
2023,5,10,6,1.18
2023,5,10,7,0.77
2023,5,10,8,0.66
2023,5,10,9,0.71
2023,5,10,10,0.87
2023,5,10,11,1.29
2023,5,10,12,2.2
2023,5,10,13,2.37
2023,5,10,14,2.39
2023,5,10,15,2.79
2023,5,10,16,3.2
2023,5,10,17,3.32
2023,5,10,18,3.2
2023,5,10,19,2.95
2023,5,10,20,2.69
2023,5,10,21,2.35
2023,5,10,22,1.61
2023,5,10,23,1.0
2023,5,11,0,0.96
2023,5,11,1,0.76
2023,5,11,2,0.55
2023,5,11,3,0.58
2023,5,11,4,0.73
2023,5,11,5,0.95
2023,5,11,6,1.08
2023,5,11,7,1.03
2023,5,11,8,0.88
2023,5,11,9,0.75
2023,5,11,10,0.57
2023,5,11,11,0.48
2023,5,11,12,0.72
2023,5,11,13,0.87
2023,5,11,14,1.27
2023,5,11,15,1.75
2023,5,11,16,2.11
2023,5,11,17,2.52
2023,5,11,18,2.85
2023,5,11,19,3.01
2023,5,11,20,2.96
2023,5,11,21,2.66
2023,5,11,22,2.0
2023,5,11,23,1.37
2023,5,12,0,1.49
2023,5,12,1,1.62
2023,5,12,2,1.5
2023,5,12,3,1.27
2023,5,12,4,1.03
2023,5,12,5,0.93
2023,5,12,6,0.82
2023,5,12,7,0.72
2023,5,12,8,0.66
2023,5,12,9,0.61
2023,5,12,10,0.56
2023,5,12,11,0.72
2023,5,12,12,1.32
2023,5,12,13,1.98
2023,5,12,14,2.35
2023,5,12,15,2.49
2023,5,12,16,2.61
2023,5,12,17,2.73
2023,5,12,18,2.81
2023,5,12,19,2.71
2023,5,12,20,2.56
2023,5,12,21,2.4
2023,5,12,22,1.88
2023,5,12,23,1.31
2023,5,13,0,1.42
2023,5,13,1,1.52
2023,5,13,2,1.58
2023,5,13,3,1.75
2023,5,13,4,1.81
2023,5,13,5,1.79
2023,5,13,6,1.69
2023,5,13,7,1.63
2023,5,13,8,1.55
2023,5,13,9,1.34
2023,5,13,10,1.22
2023,5,13,11,1.78
2023,5,13,12,2.44
2023,5,13,13,3.03
2023,5,13,14,3.74
2023,5,13,15,4.55
2023,5,13,16,4.82
2023,5,13,17,4.53
2023,5,13,18,4.51
2023,5,13,19,4.26
2023,5,13,20,3.84
2023,5,13,21,3.4
2023,5,13,22,2.6
2023,5,13,23,1.98
2023,5,14,0,2.13
2023,5,14,1,2.12
2023,5,14,2,1.97
2023,5,14,3,2.0
2023,5,14,4,2.02
2023,5,14,5,1.92
2023,5,14,6,1.73
2023,5,14,7,1.54
2023,5,14,8,1.62
2023,5,14,9,1.77
2023,5,14,10,1.82
2023,5,14,11,2.25
2023,5,14,12,3.43
2023,5,14,13,4.54
2023,5,14,14,4.99
2023,5,14,15,5.21
2023,5,14,16,5.29
2023,5,14,17,5.28
2023,5,14,18,5.23
2023,5,14,19,5.06
2023,5,14,20,4.5
2023,5,14,21,3.57
2023,5,14,22,2.44
2023,5,14,23,1.7
2023,5,15,0,1.4
2023,5,15,1,1.17
2023,5,15,2,1.05
2023,5,15,3,1.02
2023,5,15,4,1.09
2023,5,15,5,1.01
2023,5,15,6,0.92
2023,5,15,7,0.86
2023,5,15,8,0.8
2023,5,15,9,0.74
2023,5,15,10,0.66
2023,5,15,11,1.07
2023,5,15,12,1.78
2023,5,15,13,2.61
2023,5,15,14,3.49
2023,5,15,15,4.0
2023,5,15,16,4.2
2023,5,15,17,4.23
2023,5,15,18,4.01
2023,5,15,19,3.69
2023,5,15,20,3.24
2023,5,15,21,2.64
2023,5,15,22,1.77
2023,5,15,23,1.16
2023,5,16,0,0.94
2023,5,16,1,0.67
2023,5,16,2,0.57
2023,5,16,3,0.65
2023,5,16,4,0.7
2023,5,16,5,0.65
2023,5,16,6,0.6
2023,5,16,7,0.48
2023,5,16,8,0.35
2023,5,16,9,0.33
2023,5,16,10,0.44
2023,5,16,11,0.57
2023,5,16,12,1.19
2023,5,16,13,2.18
2023,5,16,14,2.75
2023,5,16,15,3.01
2023,5,16,16,3.26
2023,5,16,17,3.39
2023,5,16,18,3.33
2023,5,16,19,3.09
2023,5,16,20,2.68
2023,5,16,21,2.16
2023,5,16,22,1.36
2023,5,16,23,0.7
2023,5,17,0,0.43
2023,5,17,1,0.25
2023,5,17,2,0.08
2023,5,17,3,0.24
2023,5,17,4,0.45
2023,5,17,5,0.66
2023,5,17,6,0.85
2023,5,17,7,0.94
2023,5,17,8,0.92
2023,5,17,9,0.78
2023,5,17,10,0.6
2023,5,17,11,0.4
2023,5,17,12,0.37
2023,5,17,13,1.56
2023,5,17,14,2.3
2023,5,17,15,2.79
2023,5,17,16,3.11
2023,5,17,17,3.29
2023,5,17,18,3.24
2023,5,17,19,2.99
2023,5,17,20,2.62
2023,5,17,21,2.1
2023,5,17,22,1.4
2023,5,17,23,0.68
2023,5,18,0,0.41
2023,5,18,1,0.33
2023,5,18,2,0.33
2023,5,18,3,0.42
2023,5,18,4,0.62
2023,5,18,5,0.81
2023,5,18,6,0.93
2023,5,18,7,0.95
2023,5,18,8,0.94
2023,5,18,9,1.03
2023,5,18,10,1.14
2023,5,18,11,1.32
2023,5,18,12,2.3
2023,5,18,13,3.3
2023,5,18,14,3.87
2023,5,18,15,4.25
2023,5,18,16,4.39
2023,5,18,17,4.37
2023,5,18,18,4.29
2023,5,18,19,4.14
2023,5,18,20,3.83
2023,5,18,21,3.41
2023,5,18,22,2.62
2023,5,18,23,1.64
2023,5,19,0,1.5
2023,5,19,1,1.43
2023,5,19,2,1.21
2023,5,19,3,1.05
2023,5,19,4,0.9
2023,5,19,5,0.89
2023,5,19,6,1.15
2023,5,19,7,1.23
2023,5,19,8,1.26
2023,5,19,9,1.3
2023,5,19,10,1.26
2023,5,19,11,1.36
2023,5,19,12,2.08
2023,5,19,13,2.59
2023,5,19,14,2.95
2023,5,19,15,3.56
2023,5,19,16,4.32
2023,5,19,17,4.85
2023,5,19,18,4.88
2023,5,19,19,4.54
2023,5,19,20,4.16
2023,5,19,21,3.7
2023,5,19,22,2.6
2023,5,19,23,1.74
2023,5,20,0,1.95
2023,5,20,1,1.88
2023,5,20,2,1.79
2023,5,20,3,1.84
2023,5,20,4,1.82
2023,5,20,5,1.66
2023,5,20,6,1.27
2023,5,20,7,0.95
2023,5,20,8,0.92
2023,5,20,9,1.0
2023,5,20,10,0.99
2023,5,20,11,1.49
2023,5,20,12,2.48
2023,5,20,13,3.18
2023,5,20,14,3.96
2023,5,20,15,4.16
2023,5,20,16,4.23
2023,5,20,17,4.05
2023,5,20,18,3.72
2023,5,20,19,3.34
2023,5,20,20,3.01
2023,5,20,21,2.73
2023,5,20,22,2.03
2023,5,20,23,1.29
2023,5,21,0,1.34
2023,5,21,1,1.2
2023,5,21,2,0.9
2023,5,21,3,0.61
2023,5,21,4,0.42
2023,5,21,5,0.34
2023,5,21,6,0.38
2023,5,21,7,0.29
2023,5,21,8,0.32
2023,5,21,9,0.44
2023,5,21,10,0.4
2023,5,21,11,0.25
2023,5,21,12,0.12
2023,5,21,13,0.65
2023,5,21,14,1.33
2023,5,21,15,1.86
2023,5,21,16,2.21
2023,5,21,17,2.53
2023,5,21,18,2.84
2023,5,21,19,3.04
2023,5,21,20,2.95
2023,5,21,21,2.54
2023,5,21,22,2.23
2023,5,21,23,1.68
2023,5,22,0,1.48
2023,5,22,1,1.29
2023,5,22,2,1.1
2023,5,22,3,0.92
2023,5,22,4,0.81
2023,5,22,5,0.79
2023,5,22,6,0.87
2023,5,22,7,0.97
2023,5,22,8,0.9
2023,5,22,9,0.67
2023,5,22,10,0.68
2023,5,22,11,0.87
2023,5,22,12,0.54
2023,5,22,13,1.68
2023,5,22,14,2.71
2023,5,22,15,2.87
2023,5,22,16,2.81
2023,5,22,17,2.64
2023,5,22,18,2.52
2023,5,22,19,2.4
2023,5,22,20,2.29
2023,5,22,21,2.26
2023,5,22,22,2.03
2023,5,22,23,1.57
2023,5,23,0,2.04
2023,5,23,1,2.63
2023,5,23,2,2.74
2023,5,23,3,2.45
2023,5,23,4,1.95
2023,5,23,5,1.52
2023,5,23,6,1.25
2023,5,23,7,1.25
2023,5,23,8,1.44
2023,5,23,9,1.67
2023,5,23,10,1.67
2023,5,23,11,1.49
2023,5,23,12,1.56
2023,5,23,13,1.31
2023,5,23,14,1.14
2023,5,23,15,1.8
2023,5,23,16,2.32
2023,5,23,17,2.54
2023,5,23,18,2.63
2023,5,23,19,2.43
2023,5,23,20,2.2
2023,5,23,21,1.99
2023,5,23,22,1.57
2023,5,23,23,1.21
2023,5,24,0,1.37
2023,5,24,1,1.49
2023,5,24,2,1.63
2023,5,24,3,1.7
2023,5,24,4,1.58
2023,5,24,5,1.23
2023,5,24,6,0.87
2023,5,24,7,0.69
2023,5,24,8,0.52
2023,5,24,9,0.47
2023,5,24,10,0.43
2023,5,24,11,0.55
2023,5,24,12,1.24
2023,5,24,13,1.88
2023,5,24,14,2.63
2023,5,24,15,3.02
2023,5,24,16,3.19
2023,5,24,17,3.26
2023,5,24,18,3.25
2023,5,24,19,3.03
2023,5,24,20,2.53
2023,5,24,21,1.99
2023,5,24,22,1.47
2023,5,24,23,1.32
2023,5,25,0,2.02
2023,5,25,1,2.9
2023,5,25,2,3.56
2023,5,25,3,3.49
2023,5,25,4,2.84
2023,5,25,5,2.2
2023,5,25,6,1.85
2023,5,25,7,1.53
2023,5,25,8,1.27
2023,5,25,9,1.09
2023,5,25,10,1.14
2023,5,25,11,1.31
2023,5,25,12,2.11
2023,5,25,13,2.47
2023,5,25,14,2.65
2023,5,25,15,2.8
2023,5,25,16,2.93
2023,5,25,17,3.08
2023,5,25,18,3.06
2023,5,25,19,2.86
2023,5,25,20,2.59
2023,5,25,21,2.24
2023,5,25,22,1.73
2023,5,25,23,1.04
2023,5,26,0,0.82
2023,5,26,1,0.76
2023,5,26,2,0.7
2023,5,26,3,0.71
2023,5,26,4,0.78
2023,5,26,5,0.79
2023,5,26,6,0.76
2023,5,26,7,0.76
2023,5,26,8,0.84
2023,5,26,9,0.96
2023,5,26,10,1.0
2023,5,26,11,0.84
2023,5,26,12,1.05
2023,5,26,13,1.43
2023,5,26,14,2.06
2023,5,26,15,2.59
2023,5,26,16,3.03
2023,5,26,17,3.27
2023,5,26,18,3.25
2023,5,26,19,2.99
2023,5,26,20,2.65
2023,5,26,21,2.27
2023,5,26,22,1.7
2023,5,26,23,0.9
2023,5,27,0,0.8
2023,5,27,1,0.9
2023,5,27,2,0.88
2023,5,27,3,0.79
2023,5,27,4,0.7
2023,5,27,5,0.64
2023,5,27,6,0.67
2023,5,27,7,0.79
2023,5,27,8,0.99
2023,5,27,9,1.11
2023,5,27,10,1.17
2023,5,27,11,1.31
2023,5,27,12,2.18
2023,5,27,13,2.96
2023,5,27,14,3.64
2023,5,27,15,3.94
2023,5,27,16,4.05
2023,5,27,17,3.98
2023,5,27,18,3.74
2023,5,27,19,3.26
2023,5,27,20,2.74
2023,5,27,21,2.28
2023,5,27,22,1.53
2023,5,27,23,0.93
2023,5,28,0,0.87
2023,5,28,1,0.85
2023,5,28,2,0.81
2023,5,28,3,0.78
2023,5,28,4,0.85
2023,5,28,5,0.91
2023,5,28,6,0.94
2023,5,28,7,0.9
2023,5,28,8,0.91
2023,5,28,9,1.01
2023,5,28,10,1.09
2023,5,28,11,1.26
2023,5,28,12,1.89
2023,5,28,13,2.5
2023,5,28,14,2.99
2023,5,28,15,3.27
2023,5,28,16,3.55
2023,5,28,17,3.7
2023,5,28,18,3.61
2023,5,28,19,3.42
2023,5,28,20,3.19
2023,5,28,21,2.86
2023,5,28,22,2.1
2023,5,28,23,1.33
2023,5,29,0,1.2
2023,5,29,1,0.98
2023,5,29,2,0.8
2023,5,29,3,0.72
2023,5,29,4,0.65
2023,5,29,5,0.57
2023,5,29,6,0.48
2023,5,29,7,0.51
2023,5,29,8,0.56
2023,5,29,9,0.73
2023,5,29,10,0.98
2023,5,29,11,1.33
2023,5,29,12,2.19
2023,5,29,13,2.79
2023,5,29,14,3.19
2023,5,29,15,3.46
2023,5,29,16,3.49
2023,5,29,17,3.52
2023,5,29,18,3.3
2023,5,29,19,2.98
2023,5,29,20,2.86
2023,5,29,21,2.79
2023,5,29,22,2.39
2023,5,29,23,1.59
2023,5,30,0,1.67
2023,5,30,1,1.57
2023,5,30,2,1.48
2023,5,30,3,1.34
2023,5,30,4,1.18
2023,5,30,5,1.03
2023,5,30,6,1.08
2023,5,30,7,1.11
2023,5,30,8,1.12
2023,5,30,9,1.26
2023,5,30,10,1.23
2023,5,30,11,1.38
2023,5,30,12,2.39
2023,5,30,13,3.13
2023,5,30,14,3.73
2023,5,30,15,4.17
2023,5,30,16,4.3
2023,5,30,17,4.32
2023,5,30,18,4.07
2023,5,30,19,3.68
2023,5,30,20,3.3
2023,5,30,21,2.85
2023,5,30,22,2.01
2023,5,30,23,1.33
2023,5,31,0,1.25
2023,5,31,1,0.92
2023,5,31,2,0.77
2023,5,31,3,0.77
2023,5,31,4,0.78
2023,5,31,5,0.64
2023,5,31,6,0.58
2023,5,31,7,0.66
2023,5,31,8,0.72
2023,5,31,9,0.94
2023,5,31,10,1.06
2023,5,31,11,1.39
2023,5,31,12,2.44
2023,5,31,13,3.08
2023,5,31,14,3.6
2023,5,31,15,3.88
2023,5,31,16,4.04
2023,5,31,17,4.12
2023,5,31,18,4.02
2023,5,31,19,3.84
2023,5,31,20,3.62
2023,5,31,21,3.29
2023,5,31,22,2.51
2023,5,31,23,1.68
2023,6,1,0,1.71
2023,6,1,1,1.54
2023,6,1,2,1.31
2023,6,1,3,1.19
2023,6,1,4,1.14
2023,6,1,5,1.04
2023,6,1,6,0.96
2023,6,1,7,1.02
2023,6,1,8,1.29
2023,6,1,9,1.78
2023,6,1,10,2.17
2023,6,1,11,2.66
2023,6,1,12,3.26
2023,6,1,13,3.75
2023,6,1,14,4.05
2023,6,1,15,4.1
2023,6,1,16,4.06
2023,6,1,17,4.08
2023,6,1,18,4.01
2023,6,1,19,3.79
2023,6,1,20,3.42
2023,6,1,21,2.89
2023,6,1,22,1.96
2023,6,1,23,0.93
2023,6,2,0,0.61
2023,6,2,1,0.59
2023,6,2,2,0.68
2023,6,2,3,0.66
2023,6,2,4,0.72
2023,6,2,5,0.81
2023,6,2,6,0.84
2023,6,2,7,0.86
2023,6,2,8,1.04
2023,6,2,9,1.3
2023,6,2,10,1.5
2023,6,2,11,1.98
2023,6,2,12,3.0
2023,6,2,13,4.01
2023,6,2,14,4.43
2023,6,2,15,4.55
2023,6,2,16,4.51
2023,6,2,17,4.37
2023,6,2,18,4.15
2023,6,2,19,3.86
2023,6,2,20,3.45
2023,6,2,21,2.97
2023,6,2,22,2.08
2023,6,2,23,1.04
2023,6,3,0,0.66
2023,6,3,1,0.63
2023,6,3,2,0.58
2023,6,3,3,0.6
2023,6,3,4,0.62
2023,6,3,5,0.57
2023,6,3,6,0.59
2023,6,3,7,0.65
2023,6,3,8,0.69
2023,6,3,9,0.82
2023,6,3,10,0.97
2023,6,3,11,1.18
2023,6,3,12,2.07
2023,6,3,13,2.8
2023,6,3,14,3.34
2023,6,3,15,3.68
2023,6,3,16,3.78
2023,6,3,17,3.75
2023,6,3,18,3.54
2023,6,3,19,3.26
2023,6,3,20,2.91
2023,6,3,21,2.45
2023,6,3,22,1.77
2023,6,3,23,1.2
2023,6,4,0,0.84
2023,6,4,1,0.5
2023,6,4,2,0.33
2023,6,4,3,0.29
2023,6,4,4,0.42
2023,6,4,5,0.54
2023,6,4,6,0.65
2023,6,4,7,0.82
2023,6,4,8,0.97
2023,6,4,9,0.92
2023,6,4,10,0.8
2023,6,4,11,0.91
2023,6,4,12,1.93
2023,6,4,13,3.13
2023,6,4,14,3.85
2023,6,4,15,4.16
2023,6,4,16,4.3
2023,6,4,17,4.25
2023,6,4,18,4.11
2023,6,4,19,3.87
2023,6,4,20,3.62
2023,6,4,21,3.16
2023,6,4,22,2.36
2023,6,4,23,1.46
2023,6,5,0,1.26
2023,6,5,1,1.22
2023,6,5,2,1.24
2023,6,5,3,1.2
2023,6,5,4,1.11
2023,6,5,5,1.03
2023,6,5,6,1.02
2023,6,5,7,0.97
2023,6,5,8,1.01
2023,6,5,9,1.22
2023,6,5,10,1.39
2023,6,5,11,1.87
2023,6,5,12,2.92
2023,6,5,13,3.5
2023,6,5,14,3.93
2023,6,5,15,4.36
2023,6,5,16,4.76
2023,6,5,17,4.97
2023,6,5,18,4.8
2023,6,5,19,4.25
2023,6,5,20,3.48
2023,6,5,21,2.68
2023,6,5,22,1.69
2023,6,5,23,0.78
2023,6,6,0,0.7
2023,6,6,1,0.75
2023,6,6,2,0.75
2023,6,6,3,0.76
2023,6,6,4,0.75
2023,6,6,5,0.73
2023,6,6,6,0.77
2023,6,6,7,0.86
2023,6,6,8,0.98
2023,6,6,9,1.02
2023,6,6,10,0.99
2023,6,6,11,1.22
2023,6,6,12,2.34
2023,6,6,13,3.32
2023,6,6,14,3.95
2023,6,6,15,4.39
2023,6,6,16,4.66
2023,6,6,17,4.67
2023,6,6,18,4.49
2023,6,6,19,4.22
2023,6,6,20,3.87
2023,6,6,21,3.43
2023,6,6,22,2.54
2023,6,6,23,1.69
2023,6,7,0,1.63
2023,6,7,1,1.32
2023,6,7,2,1.02
2023,6,7,3,1.04
2023,6,7,4,1.11
2023,6,7,5,1.18
2023,6,7,6,1.19
2023,6,7,7,1.17
2023,6,7,8,1.16
2023,6,7,9,1.06
2023,6,7,10,0.94
2023,6,7,11,1.23
2023,6,7,12,2.06
2023,6,7,13,2.9
2023,6,7,14,3.53
2023,6,7,15,3.92
2023,6,7,16,4.13
2023,6,7,17,4.18
2023,6,7,18,4.02
2023,6,7,19,3.81
2023,6,7,20,3.47
2023,6,7,21,3.0
2023,6,7,22,2.18
2023,6,7,23,1.43
2023,6,8,0,1.49
2023,6,8,1,1.5
2023,6,8,2,1.4
2023,6,8,3,1.38
2023,6,8,4,1.57
2023,6,8,5,1.63
2023,6,8,6,1.47
2023,6,8,7,1.35
2023,6,8,8,1.19
2023,6,8,9,1.02
2023,6,8,10,0.98
2023,6,8,11,1.33
2023,6,8,12,2.12
2023,6,8,13,2.61
2023,6,8,14,3.09
2023,6,8,15,3.86
2023,6,8,16,4.51
2023,6,8,17,4.91
2023,6,8,18,4.94
2023,6,8,19,4.62
2023,6,8,20,4.12
2023,6,8,21,3.43
2023,6,8,22,2.27
2023,6,8,23,1.09
2023,6,9,0,0.94
2023,6,9,1,0.86
2023,6,9,2,0.8
2023,6,9,3,0.78
2023,6,9,4,0.85
2023,6,9,5,0.91
2023,6,9,6,0.98
2023,6,9,7,0.98
2023,6,9,8,0.96
2023,6,9,9,0.98
2023,6,9,10,1.04
2023,6,9,11,1.43
2023,6,9,12,2.3
2023,6,9,13,2.94
2023,6,9,14,3.55
2023,6,9,15,3.94
2023,6,9,16,4.23
2023,6,9,17,4.34
2023,6,9,18,4.25
2023,6,9,19,3.97
2023,6,9,20,3.55
2023,6,9,21,2.95
2023,6,9,22,2.01
2023,6,9,23,1.31
2023,6,10,0,1.14
2023,6,10,1,0.99
2023,6,10,2,0.92
2023,6,10,3,0.89
2023,6,10,4,0.9
2023,6,10,5,0.82
2023,6,10,6,0.72
2023,6,10,7,0.79
2023,6,10,8,0.93
2023,6,10,9,1.03
2023,6,10,10,1.17
2023,6,10,11,1.46
2023,6,10,12,2.25
2023,6,10,13,3.03
2023,6,10,14,3.66
2023,6,10,15,4.04
2023,6,10,16,4.36
2023,6,10,17,4.55
2023,6,10,18,4.4
2023,6,10,19,3.91
2023,6,10,20,3.24
2023,6,10,21,2.51
2023,6,10,22,1.68
2023,6,10,23,1.11
2023,6,11,0,1.16
2023,6,11,1,1.14
2023,6,11,2,1.11
2023,6,11,3,1.1
2023,6,11,4,1.15
2023,6,11,5,1.22
2023,6,11,6,1.3
2023,6,11,7,1.39
2023,6,11,8,1.38
2023,6,11,9,1.27
2023,6,11,10,1.19
2023,6,11,11,1.14
2023,6,11,12,1.97
2023,6,11,13,2.92
2023,6,11,14,3.74
2023,6,11,15,4.17
2023,6,11,16,4.28
2023,6,11,17,4.12
2023,6,11,18,3.88
2023,6,11,19,3.57
2023,6,11,20,3.26
2023,6,11,21,3.02
2023,6,11,22,2.49
2023,6,11,23,1.81
2023,6,12,0,1.9
2023,6,12,1,2.11
2023,6,12,2,2.0
2023,6,12,3,1.66
2023,6,12,4,1.65
2023,6,12,5,1.74
2023,6,12,6,1.44
2023,6,12,7,1.13
2023,6,12,8,1.0
2023,6,12,9,1.04
2023,6,12,10,1.15
2023,6,12,11,1.52
2023,6,12,12,2.5
2023,6,12,13,3.42
2023,6,12,14,4.19
2023,6,12,15,4.52
2023,6,12,16,4.74
2023,6,12,17,4.74
2023,6,12,18,4.58
2023,6,12,19,4.29
2023,6,12,20,3.9
2023,6,12,21,3.31
2023,6,12,22,2.37
2023,6,12,23,1.49
2023,6,13,0,1.41
2023,6,13,1,1.3
2023,6,13,2,1.09
2023,6,13,3,1.0
2023,6,13,4,0.91
2023,6,13,5,0.92
2023,6,13,6,1.16
2023,6,13,7,1.29
2023,6,13,8,1.38
2023,6,13,9,1.43
2023,6,13,10,1.52
2023,6,13,11,2.17
2023,6,13,12,3.07
2023,6,13,13,3.95
2023,6,13,14,4.56
2023,6,13,15,5.2
2023,6,13,16,5.6
2023,6,13,17,5.71
2023,6,13,18,5.52
2023,6,13,19,5.07
2023,6,13,20,4.66
2023,6,13,21,4.2
2023,6,13,22,3.1
2023,6,13,23,2.03
2023,6,14,0,2.02
2023,6,14,1,1.93
2023,6,14,2,2.01
2023,6,14,3,1.77
2023,6,14,4,1.78
2023,6,14,5,2.03
2023,6,14,6,2.2
2023,6,14,7,2.37
2023,6,14,8,2.69
2023,6,14,9,2.97
2023,6,14,10,3.19
2023,6,14,11,3.38
2023,6,14,12,4.37
2023,6,14,13,5.03
2023,6,14,14,5.2
2023,6,14,15,5.67
2023,6,14,16,6.0
2023,6,14,17,5.78
2023,6,14,18,5.27
2023,6,14,19,4.9
2023,6,14,20,4.64
2023,6,14,21,4.32
2023,6,14,22,3.5
2023,6,14,23,2.55
2023,6,15,0,2.5
2023,6,15,1,2.47
2023,6,15,2,2.62
2023,6,15,3,2.76
2023,6,15,4,2.81
2023,6,15,5,2.68
2023,6,15,6,2.51
2023,6,15,7,2.42
2023,6,15,8,2.34
2023,6,15,9,2.22
2023,6,15,10,2.19
2023,6,15,11,2.4
2023,6,15,12,3.23
2023,6,15,13,4.05
2023,6,15,14,4.61
2023,6,15,15,5.01
2023,6,15,16,5.2
2023,6,15,17,5.22
2023,6,15,18,5.07
2023,6,15,19,4.81
2023,6,15,20,4.46
2023,6,15,21,3.89
2023,6,15,22,2.87
2023,6,15,23,1.65
2023,6,16,0,1.36
2023,6,16,1,1.32
2023,6,16,2,1.59
2023,6,16,3,1.88
2023,6,16,4,1.99
2023,6,16,5,2.06
2023,6,16,6,2.0
2023,6,16,7,1.94
2023,6,16,8,1.87
2023,6,16,9,1.81
2023,6,16,10,1.59
2023,6,16,11,1.85
2023,6,16,12,2.38
2023,6,16,13,3.08
2023,6,16,14,3.72
2023,6,16,15,4.26
2023,6,16,16,4.62
2023,6,16,17,4.8
2023,6,16,18,4.77
2023,6,16,19,4.64
2023,6,16,20,4.47
2023,6,16,21,4.06
2023,6,16,22,3.05
2023,6,16,23,1.8
2023,6,17,0,1.53
2023,6,17,1,1.44
2023,6,17,2,1.49
2023,6,17,3,1.46
2023,6,17,4,1.64
2023,6,17,5,1.63
2023,6,17,6,1.57
2023,6,17,7,1.5
2023,6,17,8,1.62
2023,6,17,9,1.72
2023,6,17,10,1.88
2023,6,17,11,2.67
2023,6,17,12,3.66
2023,6,17,13,4.42
2023,6,17,14,5.05
2023,6,17,15,5.47
2023,6,17,16,5.58
2023,6,17,17,5.55
2023,6,17,18,5.42
2023,6,17,19,5.25
2023,6,17,20,4.98
2023,6,17,21,4.5
2023,6,17,22,3.48
2023,6,17,23,2.02
2023,6,18,0,1.77
2023,6,18,1,1.59
2023,6,18,2,1.71
2023,6,18,3,1.79
2023,6,18,4,2.01
2023,6,18,5,2.12
2023,6,18,6,2.2
2023,6,18,7,2.32
2023,6,18,8,2.56
2023,6,18,9,2.64
2023,6,18,10,2.53
2023,6,18,11,2.56
2023,6,18,12,3.38
2023,6,18,13,4.03
2023,6,18,14,4.6
2023,6,18,15,5.2
2023,6,18,16,5.71
2023,6,18,17,5.92
2023,6,18,18,5.89
2023,6,18,19,5.7
2023,6,18,20,5.45
2023,6,18,21,5.02
2023,6,18,22,4.01
2023,6,18,23,2.86
2023,6,19,0,2.75
2023,6,19,1,2.59
2023,6,19,2,2.57
2023,6,19,3,2.56
2023,6,19,4,2.41
2023,6,19,5,2.38
2023,6,19,6,2.29
2023,6,19,7,2.28
2023,6,19,8,2.3
2023,6,19,9,2.24
2023,6,19,10,2.21
2023,6,19,11,2.72
2023,6,19,12,3.5
2023,6,19,13,4.14
2023,6,19,14,4.57
2023,6,19,15,4.95
2023,6,19,16,5.24
2023,6,19,17,5.24
2023,6,19,18,5.09
2023,6,19,19,4.86
2023,6,19,20,4.58
2023,6,19,21,4.17
2023,6,19,22,3.18
2023,6,19,23,1.82
2023,6,20,0,1.62
2023,6,20,1,1.38
2023,6,20,2,1.24
2023,6,20,3,1.32
2023,6,20,4,1.53
2023,6,20,5,1.71
2023,6,20,6,1.87
2023,6,20,7,2.02
2023,6,20,8,2.16
2023,6,20,9,2.35
2023,6,20,10,2.35
2023,6,20,11,2.89
2023,6,20,12,3.94
2023,6,20,13,4.71
2023,6,20,14,5.01
2023,6,20,15,5.19
2023,6,20,16,5.34
2023,6,20,17,5.37
2023,6,20,18,5.26
2023,6,20,19,5.03
2023,6,20,20,4.69
2023,6,20,21,4.13
2023,6,20,22,3.02
2023,6,20,23,1.76
2023,6,21,0,1.64
2023,6,21,1,1.44
2023,6,21,2,1.73
2023,6,21,3,2.14
2023,6,21,4,2.33
2023,6,21,5,2.52
2023,6,21,6,2.6
2023,6,21,7,2.46
2023,6,21,8,2.37
2023,6,21,9,2.36
2023,6,21,10,2.31
2023,6,21,11,2.57
2023,6,21,12,3.33
2023,6,21,13,4.26
2023,6,21,14,4.68
2023,6,21,15,4.88
2023,6,21,16,5.06
2023,6,21,17,5.16
2023,6,21,18,4.96
2023,6,21,19,4.57
2023,6,21,20,4.09
2023,6,21,21,3.33
2023,6,21,22,2.04
2023,6,21,23,1.32
2023,6,22,0,1.21
2023,6,22,1,1.06
2023,6,22,2,0.98
2023,6,22,3,1.01
2023,6,22,4,1.02
2023,6,22,5,0.97
2023,6,22,6,0.96
2023,6,22,7,0.97
2023,6,22,8,1.0
2023,6,22,9,1.07
2023,6,22,10,1.18
2023,6,22,11,1.33
2023,6,22,12,1.97
2023,6,22,13,2.35
2023,6,22,14,2.7
2023,6,22,15,3.51
2023,6,22,16,4.26
2023,6,22,17,4.58
2023,6,22,18,4.43
2023,6,22,19,4.01
2023,6,22,20,3.45
2023,6,22,21,2.64
2023,6,22,22,1.6
2023,6,22,23,1.19
2023,6,23,0,1.29
2023,6,23,1,1.4
2023,6,23,2,1.5
2023,6,23,3,1.6
2023,6,23,4,1.7
2023,6,23,5,1.81
2023,6,23,6,1.73
2023,6,23,7,1.5
2023,6,23,8,1.45
2023,6,23,9,1.34
2023,6,23,10,1.19
2023,6,23,11,1.21
2023,6,23,12,2.02
2023,6,23,13,2.93
2023,6,23,14,3.35
2023,6,23,15,3.56
2023,6,23,16,3.66
2023,6,23,17,3.79
2023,6,23,18,3.83
2023,6,23,19,3.61
2023,6,23,20,3.31
2023,6,23,21,2.85
2023,6,23,22,2.05
2023,6,23,23,1.4
2023,6,24,0,1.29
2023,6,24,1,1.14
2023,6,24,2,1.15
2023,6,24,3,1.04
2023,6,24,4,0.92
2023,6,24,5,0.78
2023,6,24,6,0.75
2023,6,24,7,0.68
2023,6,24,8,0.64
2023,6,24,9,0.72
2023,6,24,10,0.68
2023,6,24,11,1.17
2023,6,24,12,2.16
2023,6,24,13,2.77
2023,6,24,14,3.52
2023,6,24,15,3.92
2023,6,24,16,4.14
2023,6,24,17,4.12
2023,6,24,18,3.9
2023,6,24,19,3.54
2023,6,24,20,3.18
2023,6,24,21,2.82
2023,6,24,22,2.2
2023,6,24,23,1.52
2023,6,25,0,1.37
2023,6,25,1,0.99
2023,6,25,2,0.79
2023,6,25,3,0.81
2023,6,25,4,0.8
2023,6,25,5,0.74
2023,6,25,6,0.66
2023,6,25,7,0.51
2023,6,25,8,0.38
2023,6,25,9,0.42
2023,6,25,10,0.59
2023,6,25,11,1.16
2023,6,25,12,2.48
2023,6,25,13,3.22
2023,6,25,14,3.38
2023,6,25,15,3.61
2023,6,25,16,3.92
2023,6,25,17,3.91
2023,6,25,18,3.72
2023,6,25,19,3.41
2023,6,25,20,3.06
2023,6,25,21,2.65
2023,6,25,22,1.66
2023,6,25,23,0.71
2023,6,26,0,0.45
2023,6,26,1,0.42
2023,6,26,2,0.5
2023,6,26,3,0.63
2023,6,26,4,0.69
2023,6,26,5,0.64
2023,6,26,6,0.69
2023,6,26,7,0.76
2023,6,26,8,0.78
2023,6,26,9,0.8
2023,6,26,10,0.75
2023,6,26,11,0.74
2023,6,26,12,1.58
2023,6,26,13,2.31
2023,6,26,14,2.87
2023,6,26,15,3.44
2023,6,26,16,4.03
2023,6,26,17,4.34
2023,6,26,18,4.31
2023,6,26,19,4.01
2023,6,26,20,3.47
2023,6,26,21,2.72
2023,6,26,22,1.72
2023,6,26,23,0.93
2023,6,27,0,0.58
2023,6,27,1,0.41
2023,6,27,2,0.46
2023,6,27,3,0.7
2023,6,27,4,0.75
2023,6,27,5,0.71
2023,6,27,6,0.72
2023,6,27,7,0.79
2023,6,27,8,0.82
2023,6,27,9,0.76
2023,6,27,10,0.74
2023,6,27,11,1.05
2023,6,27,12,2.04
2023,6,27,13,2.65
2023,6,27,14,3.25
2023,6,27,15,3.7
2023,6,27,16,3.97
2023,6,27,17,4.04
2023,6,27,18,3.96
2023,6,27,19,3.76
2023,6,27,20,3.5
2023,6,27,21,3.11
2023,6,27,22,2.32
2023,6,27,23,1.49
2023,6,28,0,1.38
2023,6,28,1,1.08
2023,6,28,2,0.86
2023,6,28,3,0.71
2023,6,28,4,0.71
2023,6,28,5,0.94
2023,6,28,6,0.99
2023,6,28,7,0.87
2023,6,28,8,0.71
2023,6,28,9,0.59
2023,6,28,10,0.63
2023,6,28,11,0.91
2023,6,28,12,1.83
2023,6,28,13,2.86
2023,6,28,14,3.56
2023,6,28,15,3.91
2023,6,28,16,4.09
2023,6,28,17,4.16
2023,6,28,18,4.12
2023,6,28,19,3.98
2023,6,28,20,3.75
2023,6,28,21,3.42
2023,6,28,22,2.67
2023,6,28,23,1.82
2023,6,29,0,1.93
2023,6,29,1,2.01
2023,6,29,2,2.15
2023,6,29,3,2.39
2023,6,29,4,2.61
2023,6,29,5,2.84
2023,6,29,6,2.86
2023,6,29,7,2.96
2023,6,29,8,3.05
2023,6,29,9,3.12
2023,6,29,10,3.04
2023,6,29,11,3.67
2023,6,29,12,4.74
2023,6,29,13,5.33
2023,6,29,14,5.52
2023,6,29,15,5.85
2023,6,29,16,6.08
2023,6,29,17,6.1
2023,6,29,18,5.97
2023,6,29,19,5.74
2023,6,29,20,5.39
2023,6,29,21,4.85
2023,6,29,22,3.78
2023,6,29,23,2.49
2023,6,30,0,2.52
2023,6,30,1,2.59
2023,6,30,2,2.38
2023,6,30,3,2.15
2023,6,30,4,2.06
2023,6,30,5,1.91
2023,6,30,6,1.78
2023,6,30,7,1.78
2023,6,30,8,1.81
2023,6,30,9,1.72
2023,6,30,10,1.67
2023,6,30,11,2.01
2023,6,30,12,3.07
2023,6,30,13,4.04
2023,6,30,14,4.61
2023,6,30,15,4.93
2023,6,30,16,4.99
2023,6,30,17,4.9
2023,6,30,18,4.79
2023,6,30,19,4.7
2023,6,30,20,4.64
2023,6,30,21,4.37
2023,6,30,22,3.37
2023,6,30,23,2.04
2023,7,1,0,1.96
2023,7,1,1,1.65
2023,7,1,2,1.5
2023,7,1,3,1.55
2023,7,1,4,1.66
2023,7,1,5,1.7
2023,7,1,6,1.79
2023,7,1,7,1.87
2023,7,1,8,1.93
2023,7,1,9,1.9
2023,7,1,10,1.77
2023,7,1,11,2.11
2023,7,1,12,2.9
2023,7,1,13,3.44
2023,7,1,14,4.01
2023,7,1,15,4.48
2023,7,1,16,4.8
2023,7,1,17,4.77
2023,7,1,18,4.51
2023,7,1,19,4.21
2023,7,1,20,3.89
2023,7,1,21,3.43
2023,7,1,22,2.48
2023,7,1,23,1.74
2023,7,2,0,1.88
2023,7,2,1,1.63
2023,7,2,2,1.43
2023,7,2,3,1.38
2023,7,2,4,1.39
2023,7,2,5,1.27
2023,7,2,6,1.2
2023,7,2,7,1.1
2023,7,2,8,0.93
2023,7,2,9,0.77
2023,7,2,10,0.75
2023,7,2,11,1.1
2023,7,2,12,2.01
2023,7,2,13,2.8
2023,7,2,14,3.28
2023,7,2,15,3.73
2023,7,2,16,4.11
2023,7,2,17,4.18
2023,7,2,18,4.02
2023,7,2,19,3.67
2023,7,2,20,3.25
2023,7,2,21,2.87
2023,7,2,22,2.27
2023,7,2,23,1.6
2023,7,3,0,1.65
2023,7,3,1,1.6
2023,7,3,2,1.41
2023,7,3,3,1.1
2023,7,3,4,0.81
2023,7,3,5,0.8
2023,7,3,6,0.8
2023,7,3,7,0.85
2023,7,3,8,0.88
2023,7,3,9,0.67
2023,7,3,10,0.49
2023,7,3,11,0.59
2023,7,3,12,1.52
2023,7,3,13,2.23
2023,7,3,14,2.78
2023,7,3,15,3.11
2023,7,3,16,3.4
2023,7,3,17,3.57
2023,7,3,18,3.53
2023,7,3,19,3.25
2023,7,3,20,2.83
2023,7,3,21,2.32
2023,7,3,22,1.67
2023,7,3,23,1.15
2023,7,4,0,1.04
2023,7,4,1,0.84
2023,7,4,2,0.64
2023,7,4,3,0.49
2023,7,4,4,0.32
2023,7,4,5,0.37
2023,7,4,6,0.7
2023,7,4,7,1.12
2023,7,4,8,1.07
2023,7,4,9,0.91
2023,7,4,10,0.86
2023,7,4,11,0.72
2023,7,4,12,1.21
2023,7,4,13,1.65
2023,7,4,14,2.16
2023,7,4,15,2.89
2023,7,4,16,3.28
2023,7,4,17,3.48
2023,7,4,18,3.46
2023,7,4,19,3.31
2023,7,4,20,3.14
2023,7,4,21,2.74
2023,7,4,22,1.94
2023,7,4,23,1.26
2023,7,5,0,1.08
2023,7,5,1,0.99
2023,7,5,2,0.92
2023,7,5,3,0.93
2023,7,5,4,0.98
2023,7,5,5,0.89
2023,7,5,6,0.92
2023,7,5,7,0.99
2023,7,5,8,1.11
2023,7,5,9,1.22
2023,7,5,10,1.39
2023,7,5,11,1.6
2023,7,5,12,2.28
2023,7,5,13,2.65
2023,7,5,14,3.03
2023,7,5,15,3.4
2023,7,5,16,3.69
2023,7,5,17,3.86
2023,7,5,18,3.94
2023,7,5,19,3.85
2023,7,5,20,3.55
2023,7,5,21,3.11
2023,7,5,22,2.24
2023,7,5,23,1.35
2023,7,6,0,1.2
2023,7,6,1,1.11
2023,7,6,2,1.08
2023,7,6,3,1.08
2023,7,6,4,1.12
2023,7,6,5,1.29
2023,7,6,6,1.39
2023,7,6,7,1.34
2023,7,6,8,1.15
2023,7,6,9,1.02
2023,7,6,10,0.94
2023,7,6,11,1.07
2023,7,6,12,2.04
2023,7,6,13,2.81
2023,7,6,14,3.44
2023,7,6,15,4.07
2023,7,6,16,4.57
2023,7,6,17,4.68
2023,7,6,18,4.53
2023,7,6,19,4.11
2023,7,6,20,3.43
2023,7,6,21,2.8
2023,7,6,22,1.96
2023,7,6,23,1.28
2023,7,7,0,1.35
2023,7,7,1,1.33
2023,7,7,2,1.24
2023,7,7,3,1.11
2023,7,7,4,0.96
2023,7,7,5,0.92
2023,7,7,6,0.95
2023,7,7,7,0.98
2023,7,7,8,1.04
2023,7,7,9,1.03
2023,7,7,10,0.88
2023,7,7,11,0.82
2023,7,7,12,1.6
2023,7,7,13,2.45
2023,7,7,14,3.22
2023,7,7,15,3.69
2023,7,7,16,3.84
2023,7,7,17,3.7
2023,7,7,18,3.55
2023,7,7,19,3.37
2023,7,7,20,3.16
2023,7,7,21,2.85
2023,7,7,22,2.06
2023,7,7,23,1.23
2023,7,8,0,1.06
2023,7,8,1,1.14
2023,7,8,2,1.13
2023,7,8,3,1.38
2023,7,8,4,1.59
2023,7,8,5,1.66
2023,7,8,6,1.67
2023,7,8,7,1.57
2023,7,8,8,1.38
2023,7,8,9,1.27
2023,7,8,10,1.3
2023,7,8,11,1.72
2023,7,8,12,2.64
2023,7,8,13,3.43
2023,7,8,14,4.07
2023,7,8,15,4.6
2023,7,8,16,4.89
2023,7,8,17,5.0
2023,7,8,18,4.86
2023,7,8,19,4.48
2023,7,8,20,3.91
2023,7,8,21,3.15
2023,7,8,22,2.04
2023,7,8,23,1.17
2023,7,9,0,1.13
2023,7,9,1,1.03
2023,7,9,2,0.97
2023,7,9,3,1.11
2023,7,9,4,1.22
2023,7,9,5,1.32
2023,7,9,6,1.39
2023,7,9,7,1.47
2023,7,9,8,1.67
2023,7,9,9,1.66
2023,7,9,10,1.58
2023,7,9,11,1.83
2023,7,9,12,2.56
2023,7,9,13,3.31
2023,7,9,14,3.94
2023,7,9,15,4.7
2023,7,9,16,5.36
2023,7,9,17,5.58
2023,7,9,18,5.44
2023,7,9,19,5.14
2023,7,9,20,4.74
2023,7,9,21,4.18
2023,7,9,22,3.2
2023,7,9,23,2.34
2023,7,10,0,2.3
2023,7,10,1,2.27
2023,7,10,2,2.18
2023,7,10,3,1.97
2023,7,10,4,1.86
2023,7,10,5,1.82
2023,7,10,6,1.84
2023,7,10,7,1.89
2023,7,10,8,2.0
2023,7,10,9,1.77
2023,7,10,10,1.54
2023,7,10,11,1.64
2023,7,10,12,2.51
2023,7,10,13,3.42
2023,7,10,14,4.26
2023,7,10,15,4.82
2023,7,10,16,5.05
2023,7,10,17,5.13
2023,7,10,18,5.08
2023,7,10,19,4.88
2023,7,10,20,4.53
2023,7,10,21,3.92
2023,7,10,22,2.82
2023,7,10,23,1.9
2023,7,11,0,1.76
2023,7,11,1,1.56
2023,7,11,2,1.52
2023,7,11,3,1.54
2023,7,11,4,1.65
2023,7,11,5,1.86
2023,7,11,6,2.16
2023,7,11,7,2.27
2023,7,11,8,2.0
2023,7,11,9,1.7
2023,7,11,10,1.53
2023,7,11,11,1.61
2023,7,11,12,2.24
2023,7,11,13,3.05
2023,7,11,14,3.82
2023,7,11,15,4.57
2023,7,11,16,5.19
2023,7,11,17,5.43
2023,7,11,18,5.47
2023,7,11,19,5.31
2023,7,11,20,4.9
2023,7,11,21,4.18
2023,7,11,22,2.95
2023,7,11,23,1.79
2023,7,12,0,1.68
2023,7,12,1,1.51
2023,7,12,2,1.36
2023,7,12,3,1.15
2023,7,12,4,1.17
2023,7,12,5,1.12
2023,7,12,6,1.11
2023,7,12,7,1.13
2023,7,12,8,1.15
2023,7,12,9,1.12
2023,7,12,10,1.1
2023,7,12,11,1.19
2023,7,12,12,2.2
2023,7,12,13,3.14
2023,7,12,14,3.5
2023,7,12,15,3.85
2023,7,12,16,4.21
2023,7,12,17,4.3
2023,7,12,18,4.15
2023,7,12,19,3.89
2023,7,12,20,3.59
2023,7,12,21,3.12
2023,7,12,22,2.15
2023,7,12,23,1.3
2023,7,13,0,1.44
2023,7,13,1,1.48
2023,7,13,2,1.45
2023,7,13,3,1.51
2023,7,13,4,1.65
2023,7,13,5,1.75
2023,7,13,6,1.83
2023,7,13,7,1.78
2023,7,13,8,1.58
2023,7,13,9,1.48
2023,7,13,10,1.49
2023,7,13,11,1.83
2023,7,13,12,2.87
2023,7,13,13,3.9
2023,7,13,14,4.64
2023,7,13,15,5.1
2023,7,13,16,5.23
2023,7,13,17,5.19
2023,7,13,18,5.11
2023,7,13,19,4.85
2023,7,13,20,4.45
2023,7,13,21,3.91
2023,7,13,22,2.86
2023,7,13,23,1.94
2023,7,14,0,2.29
2023,7,14,1,2.35
2023,7,14,2,2.48
2023,7,14,3,2.46
2023,7,14,4,2.33
2023,7,14,5,2.17
2023,7,14,6,1.96
2023,7,14,7,1.92
2023,7,14,8,1.84
2023,7,14,9,1.59
2023,7,14,10,1.44
2023,7,14,11,1.65
2023,7,14,12,2.64
2023,7,14,13,3.54
2023,7,14,14,4.42
2023,7,14,15,5.17
2023,7,14,16,5.53
2023,7,14,17,5.46
2023,7,14,18,5.18
2023,7,14,19,4.85
2023,7,14,20,4.52
2023,7,14,21,4.19
2023,7,14,22,3.43
2023,7,14,23,2.84
2023,7,15,0,2.9
2023,7,15,1,2.66
2023,7,15,2,2.46
2023,7,15,3,2.01
2023,7,15,4,1.65
2023,7,15,5,1.29
2023,7,15,6,1.09
2023,7,15,7,1.17
2023,7,15,8,1.55
2023,7,15,9,1.64
2023,7,15,10,1.56
2023,7,15,11,1.85
2023,7,15,12,2.55
2023,7,15,13,3.64
2023,7,15,14,4.67
2023,7,15,15,5.31
2023,7,15,16,5.56
2023,7,15,17,5.5
2023,7,15,18,5.29
2023,7,15,19,4.97
2023,7,15,20,4.56
2023,7,15,21,4.0
2023,7,15,22,2.91
2023,7,15,23,1.65
2023,7,16,0,1.63
2023,7,16,1,1.55
2023,7,16,2,1.61
2023,7,16,3,1.65
2023,7,16,4,1.7
2023,7,16,5,1.64
2023,7,16,6,1.66
2023,7,16,7,2.07
2023,7,16,8,2.43
2023,7,16,9,2.39
2023,7,16,10,1.87
2023,7,16,11,2.24
2023,7,16,12,3.25
2023,7,16,13,3.99
2023,7,16,14,4.6
2023,7,16,15,4.95
2023,7,16,16,5.11
2023,7,16,17,5.1
2023,7,16,18,4.94
2023,7,16,19,4.71
2023,7,16,20,4.41
2023,7,16,21,4.0
2023,7,16,22,2.97
2023,7,16,23,1.79
2023,7,17,0,1.75
2023,7,17,1,1.71
2023,7,17,2,1.97
2023,7,17,3,2.09
2023,7,17,4,2.19
2023,7,17,5,2.19
2023,7,17,6,2.25
2023,7,17,7,2.24
2023,7,17,8,2.27
2023,7,17,9,2.3
2023,7,17,10,1.89
2023,7,17,11,1.95
2023,7,17,12,2.57
2023,7,17,13,3.26
2023,7,17,14,4.01
2023,7,17,15,4.62
2023,7,17,16,4.93
2023,7,17,17,4.94
2023,7,17,18,4.72
2023,7,17,19,4.43
2023,7,17,20,4.13
2023,7,17,21,3.76
2023,7,17,22,2.84
2023,7,17,23,1.66
2023,7,18,0,1.47
2023,7,18,1,1.38
2023,7,18,2,1.39
2023,7,18,3,1.54
2023,7,18,4,1.81
2023,7,18,5,2.17
2023,7,18,6,2.34
2023,7,18,7,2.3
2023,7,18,8,2.17
2023,7,18,9,1.97
2023,7,18,10,1.86
2023,7,18,11,2.15
2023,7,18,12,3.11
2023,7,18,13,4.15
2023,7,18,14,5.01
2023,7,18,15,5.67
2023,7,18,16,5.88
2023,7,18,17,5.74
2023,7,18,18,5.53
2023,7,18,19,5.33
2023,7,18,20,5.05
2023,7,18,21,4.52
2023,7,18,22,3.57
2023,7,18,23,2.3
2023,7,19,0,2.42
2023,7,19,1,2.52
2023,7,19,2,2.71
2023,7,19,3,2.73
2023,7,19,4,2.82
2023,7,19,5,2.91
2023,7,19,6,3.08
2023,7,19,7,3.28
2023,7,19,8,3.39
2023,7,19,9,3.41
2023,7,19,10,3.19
2023,7,19,11,3.23
2023,7,19,12,4.0
2023,7,19,13,4.92
2023,7,19,14,5.76
2023,7,19,15,6.37
2023,7,19,16,6.57
2023,7,19,17,6.5
2023,7,19,18,6.24
2023,7,19,19,5.89
2023,7,19,20,5.44
2023,7,19,21,4.88
2023,7,19,22,3.85
2023,7,19,23,3.12
2023,7,20,0,3.11
2023,7,20,1,3.05
2023,7,20,2,2.98
2023,7,20,3,2.95
2023,7,20,4,2.97
2023,7,20,5,3.05
2023,7,20,6,3.1
2023,7,20,7,3.11
2023,7,20,8,3.13
2023,7,20,9,3.01
2023,7,20,10,2.89
2023,7,20,11,3.05
2023,7,20,12,3.84
2023,7,20,13,4.7
2023,7,20,14,5.33
2023,7,20,15,5.77
2023,7,20,16,5.91
2023,7,20,17,5.8
2023,7,20,18,5.6
2023,7,20,19,5.37
2023,7,20,20,5.04
2023,7,20,21,4.51
2023,7,20,22,3.39
2023,7,20,23,2.22
2023,7,21,0,2.18
2023,7,21,1,2.24
2023,7,21,2,2.37
2023,7,21,3,2.44
2023,7,21,4,2.65
2023,7,21,5,2.73
2023,7,21,6,2.75
2023,7,21,7,2.75
2023,7,21,8,2.74
2023,7,21,9,2.69
2023,7,21,10,2.57
2023,7,21,11,2.77
2023,7,21,12,3.64
2023,7,21,13,4.35
2023,7,21,14,4.81
2023,7,21,15,5.37
2023,7,21,16,5.68
2023,7,21,17,5.71
2023,7,21,18,5.55
2023,7,21,19,5.21
2023,7,21,20,4.73
2023,7,21,21,4.08
2023,7,21,22,3.06
2023,7,21,23,2.52
2023,7,22,0,2.82
2023,7,22,1,3.04
2023,7,22,2,3.14
2023,7,22,3,3.1
2023,7,22,4,3.25
2023,7,22,5,3.38
2023,7,22,6,3.48
2023,7,22,7,3.47
2023,7,22,8,3.58
2023,7,22,9,3.56
2023,7,22,10,3.13
2023,7,22,11,3.37
2023,7,22,12,4.39
2023,7,22,13,5.03
2023,7,22,14,5.1
2023,7,22,15,5.01
2023,7,22,16,5.28
2023,7,22,17,5.44
2023,7,22,18,5.3
2023,7,22,19,4.89
2023,7,22,20,4.35
2023,7,22,21,3.75
2023,7,22,22,2.78
2023,7,22,23,1.67
2023,7,23,0,1.62
2023,7,23,1,1.46
2023,7,23,2,1.52
2023,7,23,3,1.71
2023,7,23,4,1.86
2023,7,23,5,1.96
2023,7,23,6,1.95
2023,7,23,7,1.98
2023,7,23,8,1.77
2023,7,23,9,1.57
2023,7,23,10,1.48
2023,7,23,11,1.91
2023,7,23,12,2.92
2023,7,23,13,3.53
2023,7,23,14,3.88
2023,7,23,15,4.1
2023,7,23,16,4.51
2023,7,23,17,4.77
2023,7,23,18,4.73
2023,7,23,19,4.5
2023,7,23,20,4.09
2023,7,23,21,3.45
2023,7,23,22,2.31
2023,7,23,23,1.45
2023,7,24,0,1.22
2023,7,24,1,1.0
2023,7,24,2,0.83
2023,7,24,3,0.84
2023,7,24,4,1.01
2023,7,24,5,1.0
2023,7,24,6,1.04
2023,7,24,7,1.06
2023,7,24,8,1.09
2023,7,24,9,1.19
2023,7,24,10,1.32
2023,7,24,11,1.69
2023,7,24,12,2.66
2023,7,24,13,3.52
2023,7,24,14,4.2
2023,7,24,15,4.71
2023,7,24,16,4.99
2023,7,24,17,4.85
2023,7,24,18,4.48
2023,7,24,19,3.83
2023,7,24,20,3.07
2023,7,24,21,2.39
2023,7,24,22,1.65
2023,7,24,23,1.03
2023,7,25,0,0.87
2023,7,25,1,0.78
2023,7,25,2,0.9
2023,7,25,3,0.99
2023,7,25,4,1.03
2023,7,25,5,0.89
2023,7,25,6,0.75
2023,7,25,7,0.83
2023,7,25,8,0.94
2023,7,25,9,0.99
2023,7,25,10,1.09
2023,7,25,11,1.54
2023,7,25,12,2.54
2023,7,25,13,3.45
2023,7,25,14,3.96
2023,7,25,15,4.21
2023,7,25,16,4.43
2023,7,25,17,4.44
2023,7,25,18,4.06
2023,7,25,19,3.51
2023,7,25,20,2.99
2023,7,25,21,2.4
2023,7,25,22,1.59
2023,7,25,23,0.95
2023,7,26,0,0.85
2023,7,26,1,0.9
2023,7,26,2,0.81
2023,7,26,3,0.64
2023,7,26,4,0.5
2023,7,26,5,0.29
2023,7,26,6,0.45
2023,7,26,7,0.74
2023,7,26,8,0.9
2023,7,26,9,0.86
2023,7,26,10,0.65
2023,7,26,11,0.57
2023,7,26,12,1.37
2023,7,26,13,2.03
2023,7,26,14,2.38
2023,7,26,15,2.47
2023,7,26,16,2.5
2023,7,26,17,2.44
2023,7,26,18,2.32
2023,7,26,19,2.21
2023,7,26,20,2.17
2023,7,26,21,2.11
2023,7,26,22,1.89
2023,7,26,23,1.37
2023,7,27,0,1.5
2023,7,27,1,1.63
2023,7,27,2,1.68
2023,7,27,3,1.64
2023,7,27,4,1.57
2023,7,27,5,1.51
2023,7,27,6,1.41
2023,7,27,7,1.41
2023,7,27,8,1.26
2023,7,27,9,1.13
2023,7,27,10,1.17
2023,7,27,11,1.59
2023,7,27,12,2.92
2023,7,27,13,3.84
2023,7,27,14,4.33
2023,7,27,15,4.46
2023,7,27,16,4.61
2023,7,27,17,4.67
2023,7,27,18,4.56
2023,7,27,19,4.3
2023,7,27,20,3.89
2023,7,27,21,3.39
2023,7,27,22,2.38
2023,7,27,23,1.77
2023,7,28,0,1.98
2023,7,28,1,2.03
2023,7,28,2,2.14
2023,7,28,3,2.38
2023,7,28,4,2.17
2023,7,28,5,1.84
2023,7,28,6,1.62
2023,7,28,7,1.7
2023,7,28,8,1.74
2023,7,28,9,1.49
2023,7,28,10,1.33
2023,7,28,11,1.8
2023,7,28,12,2.97
2023,7,28,13,3.81
2023,7,28,14,4.48
2023,7,28,15,5.08
2023,7,28,16,5.5
2023,7,28,17,5.66
2023,7,28,18,5.59
2023,7,28,19,5.34
2023,7,28,20,4.97
2023,7,28,21,4.29
2023,7,28,22,3.23
2023,7,28,23,2.71
2023,7,29,0,2.58
2023,7,29,1,2.17
2023,7,29,2,1.93
2023,7,29,3,1.74
2023,7,29,4,1.61
2023,7,29,5,1.57
2023,7,29,6,1.61
2023,7,29,7,1.73
2023,7,29,8,1.82
2023,7,29,9,1.95
2023,7,29,10,2.33
2023,7,29,11,2.74
2023,7,29,12,3.25
2023,7,29,13,3.9
2023,7,29,14,4.51
2023,7,29,15,4.99
2023,7,29,16,5.17
2023,7,29,17,5.09
2023,7,29,18,5.09
2023,7,29,19,5.2
2023,7,29,20,5.16
2023,7,29,21,4.71
2023,7,29,22,3.53
2023,7,29,23,2.17
2023,7,30,0,2.05
2023,7,30,1,1.91
2023,7,30,2,1.72
2023,7,30,3,1.88
2023,7,30,4,2.0
2023,7,30,5,2.08
2023,7,30,6,2.2
2023,7,30,7,2.42
2023,7,30,8,2.6
2023,7,30,9,2.48
2023,7,30,10,2.39
2023,7,30,11,2.57
2023,7,30,12,2.99
2023,7,30,13,3.49
2023,7,30,14,4.13
2023,7,30,15,4.63
2023,7,30,16,4.8
2023,7,30,17,4.65
2023,7,30,18,4.33
2023,7,30,19,3.96
2023,7,30,20,3.57
2023,7,30,21,3.11
2023,7,30,22,2.21
2023,7,30,23,1.29
2023,7,31,0,0.96
2023,7,31,1,0.94
2023,7,31,2,1.15
2023,7,31,3,1.34
2023,7,31,4,1.53
2023,7,31,5,1.66
2023,7,31,6,1.79
2023,7,31,7,1.89
2023,7,31,8,1.99
2023,7,31,9,2.11
2023,7,31,10,2.2
2023,7,31,11,2.55
2023,7,31,12,3.52
2023,7,31,13,4.26
2023,7,31,14,5.03
2023,7,31,15,5.65
2023,7,31,16,5.97
2023,7,31,17,5.92
2023,7,31,18,5.72
2023,7,31,19,5.5
2023,7,31,20,5.3
2023,7,31,21,4.82
2023,7,31,22,3.74
2023,7,31,23,2.57
2023,8,1,0,2.58
2023,8,1,1,2.38
2023,8,1,2,2.36
2023,8,1,3,2.34
2023,8,1,4,2.35
2023,8,1,5,2.48
2023,8,1,6,2.58
2023,8,1,7,2.67
2023,8,1,8,2.79
2023,8,1,9,2.7
2023,8,1,10,2.4
2023,8,1,11,2.34
2023,8,1,12,3.13
2023,8,1,13,3.99
2023,8,1,14,4.83
2023,8,1,15,5.42
2023,8,1,16,5.64
2023,8,1,17,5.71
2023,8,1,18,5.62
2023,8,1,19,5.37
2023,8,1,20,4.99
2023,8,1,21,4.44
2023,8,1,22,3.24
2023,8,1,23,1.78
